Description,TotalSalesDollars,ProfitMargin
12 Days of Pearls Gift Set,309.6900000000001,97.67832348477509
13th Colony Sthrn Corn Whsky,359.82,42.44622311155579
14 Hands Moscato,798.1500000000004,28.512184426486282
14 Hands Rsl Wash,531.4800000000002,22.781666290359038
2 Copas Spain White,119.88,33.33333333333333
2 Gingers Irish Whiskey,321.86,40.887342322749014
4 Orange Vodka,483.78000000000003,85.90268303774444
900 Grapes Svgn Bl,59.94,32.43243243243243
A Bichot Adelie Mercury,815.7600000000001,72.03834461116014
A Bichot Ch Gris Nuits St Ge,648.89,93.73083265268383
A Bichot Clos Marechaudes,539.94,67.74086009556618
A Bichot Merc Champs M,515.88,94.5529968209661
A Innocenti Nonni Cab Svgn,623.5200000000001,17.725173210161678
A by Acacia Red Cal,143.88,45.204336947456206
A to Z Rose,798.5300000000001,14.342604535834605
Aalto Ribera Del Duero Red,49.99,32.42648529705941
Absolut Elyx,674.85,17.94324664740313
Absolut Hibiskus,153.93,27.557980900409284
Absolut Orient Apple Vodka,119.93999999999998,87.65215941303985
Absolut Peppar Vodka,239.88,19.739036184759044
Absolut Wild Tea,901.8800000000003,83.9280170310906
Acacia Winery Pnt Nr Carnero,447.84000000000003,3.4990175062522493
Achaval Ferrer Cab Svgn,229.90000000000003,15.01087429317095
Adelsheim Auxerrois Ribbon S,901.5900000000003,78.57340919930347
Adissat Gabrielle Ch du Pape,639.84,74.8312078019505
Admiral Nelson Egg Nog,450.3100000000003,79.38753303279964
Agavero Tequila Liqueur,805.69,13.16138961635368
Agua de Piedra Malbec Selecn,707.16,37.994230442898356
Alabaster 07 Tinta de Toro,674.95,86.39454774427735
Alain Lorieux Chinon Express,485.73000000000013,59.68130442838614
Albero Sparkling Wh Organic,5.79,28.497409326424876
Albert I Noya Xarello Clsc,911.3400000000005,35.519125683060146
Alexana Pnt Nr Willamette,919.6000000000001,15.832970856894315
Alexander Vly Vyds Sin Znfdl,479.76,35.46773386693346
Alias Cab Svgn,912.1700000000002,38.11679840380632
Alias Chard,582.47,24.967809500918502
Alibi Whiskey,531.72,63.50710900473935
Alice White Lexia Muscato,512.8500000000001,40.801403919274655
Alisios Pinot Grigio,119.88,33.33333333333333
Alize Coco Liqueur,95.94,21.263289555972477
Alize Red Passion,139.93,31.437147145001077
Allegrini La Grola Veronese,629.79,21.19277854522936
Allen's Amaretto Liqueur,101.83,45.67416282038692
Allen's Blue Curacao Liqueur,5.99,20.03338898163606
Allen's Ginger Brandy,464.7,11.1426726920594
Allen's Pomegranate Liqueur,107.81999999999998,13.522537562604315
Alma Negra Gran Almanegra,249.95,86.20524104820964
Almaden Moscato Rhine,260.71000000000004,19.911012235817584
Alpataco Malbec,575.64,32.45778611632271
Alpataco Pnt Nr,735.5400000000001,47.48348152377846
Alta Classe Mntplcno Abruzzo,327.5900000000001,60.73140205744988
Alta Vista Malbec Mendoza,137.88,42.81984334203655
Altadonna Vermentino,530.4100000000001,96.49327878433664
Altocedro Malbec Reserva,239.92,31.043681227075687
Amadeo Chianti,191.76,31.53942428035044
Amaro Sfumato Rabarbaro,43.98,21.282401091405184
Anarkos Puglia,299.76,66.21297037630104
Anastasi Estates Messinia Rd,323.73,85.28403299045502
Anderra Carmenere,107.88,32.92547274749722
Andre Moscato,558.04,23.44634793204789
Andre Pink Moscato,240.57999999999998,20.09310832155623
Andrew Will Two Blondes WA,803.88,33.333333333333336
Angeline Chard Cal,217.76000000000002,18.497428361498912
Angeline Svgn Bl RRV,255.15,34.15637860082305
Angels Envy Hanover Chop,275.94,23.070232659273753
Angoves Nine Vines Moscato,395.67,2.289786943665176
Anna de Codorniu Brut Rose,191.88,34.64665415884928
Antico Colle Chianti Colli,263.76,33.75796178343949
Antigal Uno Cab Mendza,782.5200000000002,72.64478863160046
Antinori Badia Chianti Clsc,455.88000000000005,28.737825743616746
Antinori Cervaro della Salla,271.92,37.65813474551339
Antiquary 12 Yr Old Scotch,134.94,24.23299244108493
Anton Bauer Gmork Rose,167.88,34.66761972837741
Apaltagua Envero Gran Rsv,750.5,8.892738174550301
Apimed Old Slavic Mead Dark,953.1,34.93862134088763
Apimed Old Slavic Mead Light,635.4,39.093484419263454
Apimed Slovak Mead,464.58,38.163502518403725
Apimed Trnava Mead,335.7,40.12511170688114
Aquilon 06 Garnacha de Borja,629.93,90.60213039544075
Aquinas Napa Chard,643.5400000000001,85.31559809802033
Arabella Chard,131.88,33.75796178343949
Arca Nova Rose,263.76,31.028207461328485
Archetype Shiraz/Cab Barossa,142.89000000000001,26.76884316607181
Aresti Pnt Nr Curico Vly,94.80999999999999,96.54044931969202
Argentiera Poggio Ginerpi Bo,227.88,32.43812532912059
Argiano Non Confunditur Rsso,263.87999999999994,35.4706684856753
Argiola Costera Isola dei N,149.85,45.945945945945944
Argiolas SerraLori Rose 13,503.4000000000002,33.778307508939236
Arindo Verdejo Rueda,708.3700000000002,63.713878340415334
Armand Kabinett Rsl,577.7000000000002,46.40817033062144
Arrogant Frog Chardonnay,239.76,67.51751751751752
Arrow Apricot Brandy,575.28,24.280350438047552
Arrow Blackraspberry Liqueur,383.5200000000001,20.65081351689614
Artesa Elements Napa Red,744.3300000000003,2.8992516760039577
Asamai Shuzo Heavens Door,119.96,1.3171057019006323
Aska Bolgheri Rosso,434.85,28.876624123260903
Assyrtiko-Athiri Atlantis,191.88,33.771106941838646
Astraly Touraine Nobel Rose,89.94,31.02068045363576
Atholl Brose Scotch Liqueur,329.94,27.532278596108384
Atlas Peak Cab Svgn,559.84,60.80308659617034
Auchentoshan Classic Scotch,359.88,94.4009114149161
Avante Tinto Fino Ribera Del,892.53,32.43812532912059
Aviary Chard,215.88,42.301278488048915
Avion Espresso,202.93,39.97930320800276
B & G Cotes du Rhone Red,155.88,49.03772132409546
B & G Sancerre Svgn Bl,243.91000000000003,15.32942478783158
B Side Cab Svgn,887.6300000000001,1.5806135439316027
BR Cohn Olive Hill Cab Svgn,99.98,33.32666533306662
BV Coastal Estate Moscato,164.85,57.77979981801637
BV Coastal Estate Red,450.5900000000001,1.569053907099604
BV Coastal Estate Svgn Bl,560.35,52.77951280449719
Bacardi 8 Gift Set,869.6500000000001,91.7898004944518
Bacardi Artic Grape Rum,195.85999999999999,51.046665985908305
Bacardi Dragon Berry Trav,709.2900000000003,87.92031468087808
Bacardi Limon Traveler,409.59000000000015,96.4403427818062
Bacardi Oakheart Spiced Trav,399.6000000000002,98.13313313313314
Bacardi Party Drinks Hurricn,159.9,33.35834896810507
Bacardi Party Drinks Rum Run,303.81000000000006,4.31519699812385
Bacardi Peach Red Rum,287.76,39.6163469557965
Bak's Krupnik Honey Liqueur,704.5300000000003,36.67267540062172
Balcones Baby Blue Corn Whis,275.94,22.483148510545767
Balcones TX Whisky Single Ba,389.94,23.08047391906447
Balvenie 15 Yr Single Malt,899.9000000000001,57.141904656072896
Banknote Counterfeit,579.71,38.46578461644615
Banshee Chard,670.6400000000001,82.15137778838124
Banshee Rose 14 Pnt Nr Sonom,203.88,34.66745144202473
Barbarossa Spiced Rum,945.1400000000003,98.22460164631696
Barboursville Rsv Cab Franc,143.94,33.76406836181742
Barco de Piedra Temp Red,407.76,35.49146556798116
Barefoot Bubbly Berry Fusion,109.88999999999999,33.33333333333332
Barefoot Bubbly Tropical Fus,459.5400000000001,16.16181398790095
Barefoot Cellars Rich Red,298.74000000000007,12.365267456651283
Barefoot Cellars Rosa Red,406.5800000000002,76.0932657779527
Barefoot Crisp White Spritz,271.65999999999997,4.586615622469256
Barefoot Refresh Crisp Red,546.0800000000003,45.88704951655438
Barefoot Summer Red Spritzer,367.5400000000001,16.25401316863474
Barefoot Znfdl Cal,613.1800000000001,22.83855068444599
Baron K Kabinett,911.5200000000003,52.7777777777778
Baron de Seillac Brut Rose,311.76,31.023864511162436
Barra Petite Sirah,160.92999999999998,33.31883427577206
Basilica Amaretto,47.45,85.07903055848261
Batavia Arrack Rum,31.99,28.071272272585173
Beat 3 Single Malt Whiskey,36.99,23.384698567180322
Beaucanon Merlot Napa,80.97,54.64987032234161
Beaulieu Cstl Clr Slct Chard,174.75,4.618025751072957
Becker Family Pnt Bl,395.7800000000001,64.70766587498106
Bella Bolla Moscato,187.25,8.411214953271028
Bella Bolla Pink Moscato,456.8900000000002,50.31407997548646
Bella Bolla Red Moscato,89.88,33.778371161548726
Bella Bolle Fusione Red,98.89,27.79856406107796
Bella Italia Pnt Grigio Ter,455.52,41.93888303477344
Bella Sera Pnt Nr Venezie,155.76,30.97072419106317
Belle Ambiance Chard,352.66000000000014,18.561787557420782
Benvolio Toscana Rosso,649.5,35.11316397228638
Beyond Svgn Bl,195.45000000000002,40.90560245587107
Big Claw White,194.85,35.026943802925324
Bigi Orvieto Clsc Vendemmia,419.65000000000003,32.31502442511617
Biokult Gruner Veltliner,279.80000000000007,18.341672623302383
Bird Dog Hot Cinnamon Whisky,152.91,24.249558563861097
Bisol Crede Prosseco Super V,263.88,34.60663938153706
Bitch Vodka,945.5700000000002,39.35086773057522
Black Box Moscato B/B,134.91,70.76569564895115
Blackstone Winemakers Malbec,419.30000000000007,83.25542570951586
Bliss Cab Svgn,363.7400000000001,5.778853026887377
Bliss Merlot,167.88,32.88062902072909
Blossom Hill Merlot,791.28,21.656050955414
Blossom Hill Wh Znfdl,263.76,19.358507734303913
Blue Chair Bay Coc Spced Rum,645.6600000000001,36.25127776228975
Bluebird Chardonnay,215.76,32.48053392658509
Bocelli Sangiovese,431.76,32.40689271817677
Bodega Garzon Albarino,179.88,35.090060040026685
Bodegas Jeromin Zesto Rosada,287.76,31.02585487906589
Bodegas Numanthia Termes,815.6600000000002,20.127258906897513
Bodini Malbec Mendoza,457.62,28.04073248546829
Bolla Valpo Ripasso Cls Sup,683.4599999999999,42.8759547010798
Bols Apricot Flavored Brand,670.3900000000001,23.11191992720657
Bols Blackberry Brandy,560.4900000000001,23.791682278006753
Bols Butterscotch,319.68000000000006,23.61111111111113
Bols Genever Amsterdam,164.95000000000002,20.00606244316461
Bols Lychee,139.85999999999999,28.028028028028025
Bols Maraschino Liqueur,218.31,19.01424579726077
Bols Melon Liqueur,869.1300000000005,45.40057298677991
Bols Pomegranate Liqueur,465.0100000000003,50.46558138534658
Bols White Creme De Menthe,219.78000000000003,13.049413049413051
Bonal Apertif,56.97,35.49236440231701
Bongiovanni Dolceo D'Alba,815.5200000000002,83.10771041789289
Bonny Doon Clos de Gilroy Rd,860.4300000000001,52.30291830828773
Boones Sangria,391.69000000000017,30.577752814725972
Bota Brick Cab Svgn,427.5900000000002,34.189293482073985
Bota Brick Chard,269.74000000000007,20.990583524875824
Bota Brick Pnt Grigio,387.63000000000017,17.529602971906233
Bota Mini Merlot,258.65999999999997,12.317327766179536
Bota Mini Moscato,593.9599999999999,17.312613644016423
Bota Mini RedVolution,614.63,25.14520931291997
Botromagno Gravina,89.88,30.97463284379172
Boundary Breaks Dry Rsl #239,721.6200000000001,12.862725534214704
Boundary Breaks Rsl Rsv #198,359.82000000000005,8.687677171919304
Bouvier Marsannay Rose,545.79,62.64497334139504
Bouza Temp Tannat,699.7200000000001,15.417595609672452
Bowman's Gin,144.67000000000002,19.706919195410254
Bowman's Light Vodka,618.88,75.84022750775596
Bowman's Rum,172.26999999999998,15.63243745283567
Bowmore Legend Single Malt,242.91,51.64464204849533
Brancott Estate 'B' Svgn Bl,31.47,35.08102955195424
Brandborg Benchlands Pnt Nr,24.99,32.41296518607442
Briggs Lockhart Chard,324.75,36.44341801385681
Brinley Gold Shipwrck Coffee,149.94,27.010804321728692
Brinley Gold Shipwreck,119.94,23.661830915457728
Brinley Gold Shipwrk Coconut,449.82,23.649459783913564
Broadside Cab Svgn Paso Rob,326.94,56.98293264819233
Brooks Runaway Red,263.88,34.19736243747158
Brousko Dry Red,131.88,33.75796178343949
Brownstone Merlot Cal,467.4800000000001,21.45118507743648
Brownstone Pnt Nr,359.6,1.3904338153503892
Bruichladdich Rocks Sngl Mlt,899.82,76.02187104087484
Bruno Giacosa Roero Arneisxc,149.88,35.468374699759806
Buenas Tempranillo,252.7700000000001,33.75796178343952
Bully Boy White Rum,335.88,20.65023222579493
Bully Hill NY Rsl,155.88,32.409545804464976
Butterfly Kiss Pnt Grigio,107.64,32.77591973244147
Byron Pnt Nr Nielson Vyd SMV,575.82,31.978743357299162
Byrrh Apertif,689.5600000000001,52.01287777713324
C K Mondavi Svgn Bl Cal,71.94,38.4487072560467
C K Mondavi Wh Znfdl,153.79999999999998,38.049414824447325
C Krug Chard,902.5400000000003,16.96766902297962
C Krug RSV Generations Napa,513.9,16.263864565090483
C Monaci Kreos Rosato,395.78000000000003,66.20344635908839
C Y Toro Carmenere Terrunyo,175.92000000000002,91.77467030468395
C Y Toro Diablo Red,11.99,33.778148457047536
C'est La Vie Syrah-Grenache,27.98,32.4517512508935
Cabreo Il Borgo Toscana,764.83,77.08510387929344
Cadaretta Svgn Bl Semillon C,275.88,31.970421922575028
Caffo Grappa Italiana,373.83000000000004,26.964128079608397
Cakebread Clrs Cab Svgn 11,779.94,44.809857168500145
Calandray RSV Cotes Roussiln,215.88,35.07504168982768
Calera Ryan Vyd Pnt Nr,719.88,41.79029838306384
Calera de Villiers Pnt Nr,989.82,96.56402174132671
Calico Jack Cherry Rum,203.88,28.54620364920541
Calma Rioja,255.84,50.65666041275798
Cambas Nemea RSV Attica Rd,179.88,67.54503002001334
Camelot Merlot,98.90999999999998,20.14963097765645
Cameron Hughes Cam Coll Char,297.7900000000001,63.410457033479986
Camila Malbec,234.96,66.24106230847804
Camp Meeting Ridge Pnt Nr,650.93,90.14794217504186
Camp Merlot Sonoma Cnty,575.64,34.64665415884927
Canadian Club Sherry Cask,413.82,25.358851674641148
Canaletto Pnt Grigio Venezie,561.3700000000002,87.91171598054758
Canaletto Pnt Nr Pavia,359.64,31.931931931931935
Candoni Moscato,362.25000000000006,17.84679089026916
Candor Znfdl,167.88,35.45389563974267
Cantele Chard Salento,350.73,52.1597810281413
Cantele Primitivo Salento,671.5200000000001,31.95139385275197
Cantina Gabriele Dolc White,808.7500000000005,89.55425038639876
Cantine Cantena Fiano Avelno,322.83000000000004,3.2803642784127964
Cantine Cantena Taurasi,359.88,31.04368122707569
Cantine Maschio Sparkling Ro,568.4999999999999,18.216358839050127
Canyon Oaks Pink Moscato,71.88,33.72287145242069
Canyon Oaks Wh Znfdl Cal,569.0500000000002,32.68781302170286
Canyon Oaks Znfdl Cal,143.76,31.051752921535886
Cape Mentelle Sem/Svgn Bl,715.34,24.872088796935714
Caposaldo Moscato,167.88,32.45175125089349
Caposaldo Pnt Grigio Veneto,152.83,53.281423804226925
Caposaldo Sweet Moscato,569.6200000000001,11.35142726730102
Capostrano Montepulciano Abr,798.1000000000001,51.2692645031951
Cappelletti Apertivoch,459.77000000000004,59.13608978402245
Caprai Montefalco Rosso 09,813.3200000000004,22.392170363448614
Capt Morgan Lime Bite Rum,827.5600000000002,41.29591951291181
Capt Morgan ParrotBay Pineap,764.2400000000001,53.74275231563096
Capt Morgan ParrotBayPassion,29.98,25.350233488992668
Carlo Rossi RSV Chard Cal,847.3,29.90304595760449
Carmel Road Chard Liberated,191.76,35.04380475594493
Carmel Road Pnt Gris,111.48,31.001076426264802
Carmel Road The Barrymore PG,842.4900000000002,19.051858182292985
Carnaval Red Moscato Sparklg,175.84,51.000909918107375
Carol Shelton Rocky Rsv Znfd,782.7600000000001,22.04507128621802
Carol Shelton Wild Thing Zin,134.9,22.075611564121573
Carpineto Molin Vecchio,479.8,33.34722801167153
Cartlidge & Browne Cab Svgn,167.88,33.30950679056469
Casa E Mirafiori Barb d'Alba,972.6300000000002,79.85256469572191
Casa Ferreirinha Papas Figos,509.6600000000002,30.35356904603072
Casa Julia Merlot Rapel,215.82,55.24047817625799
Casa Liliana Good Chard,582.4700000000003,95.36456813226432
Casa Liliana Good Merlot,142.87,81.82963533282003
Casa Noble Repsdo La Carreta,695.88,25.366442490084495
Casal Garcia Duoro Red,231.71,18.89862327909887
Casas Del Bosque Sauv Bl,740.5999999999999,22.938158250067513
Casoni Limoncello di Sorento,833.9900000000005,48.56053429897244
Castello Banfi Excelsus,655.9,3.245921634395499
Castello Di Cacchiano Chiant,799.8000000000001,80.0
Castello del Poggio Rosato,714.2100000000004,31.196706850926237
Cataldi Madonna Malandrino,782.4200000000002,84.9633189335651
Catena Malbec Mendoza,107.88,31.92436040044494
Catena Zapata Nicasia Vyd,719.92,74.48883209245471
Cave de Tain Syrah,503.64,31.52251608291637
Cavit Chard,188.79,50.548228190052434
Cavit Pinot Grigio Del Vene,239.52,33.26653306613226
Cavit Pinot Noir Bottega Vi,359.76,32.88859239492995
Cavit Select Red Blend,647.2800000000003,89.40952910641454
Cazadores Anejo Tequila,389.87,59.81737502244337
Cecchi Natio Organic Chianti,735.0800000000004,98.57974642215812
Celani Family Cab Svgn,311.96,31.0296191819464
Celani Family Chard,610.87,64.58002520994647
Cella Lambrusco,71.94,35.446205170975816
Cellier des Dauphines CdR,95.88,33.79224030037547
Celtic Honey Liqueur,659.7000000000002,65.93906321055026
Cercius CdR Vielles V Rouge,429.6900000000001,16.139542460843877
Ceretto Arneis Blange Lange,742.63,35.81729798149819
Cesari Valpo Classico,989.3400000000004,73.60967918005944
Ch Beaulieu Rose Cote d Prov,575.04,34.557595993322195
Ch Beausejour Pentimento,575.76,38.89120466861192
Ch Bois du Fil Brdx,179.88,34.2228152101401
Ch Brane Cantenac Margaux 11,649.9,41.560240036928754
Ch Cantegril Sauternes 11,449.7500000000001,70.06336853807672
Ch Clerc Milon 12 Pauillac,629.91,85.56936705243606
Ch Clos Fourtet 10 Brdx,533.97,35.485139614585094
Ch Coufran Haut Medoc 10,689.77,62.81514127897705
Ch Coutet Sauternes-Barsc 10,874.9300000000001,71.04339775753489
Ch Doisy Daene Sauternes 10,961.87,42.442325886034496
Ch Doisy-Daene Sauternes 11,419.86,85.61663411613395
Ch Fonroque St Emilion 10,103.98,67.53221773417964
Ch Fontenil Fronsac 10,899.8000000000001,62.5794621026895
Ch Fugue de Nenin 09,173.94,54.949982752673336
Ch Fuisse Pouilly Fuisse Les,809.85,72.4171142804223
Ch Godeau St Emilion 10 Cru,125.97,77.16916726204651
Ch Haut Bages Liberal Paulic,741.86,85.32472434151997
Ch Haut Beausejour 11 Esteph,809.7000000000002,93.33456835865135
Ch Haut Branda Brdx Rouge,298.73,25.765741639607683
Ch Haut Piquat 09,626.6700000000001,95.84789442609349
Ch Haut-BrionPessac-Leo Gr C,299.99,35.484516150538354
Ch Hermitage Mazeyres Pomerl,332.91,13.41804091195819
Ch Hyot Castillon Brdx,629.82,92.38830141945319
Ch Jean De Gue Lalande 10,386.91,62.21343464888476
Ch Julien Royalty Red,63.48,34.97164461247637
Ch L'Englise Clinet St Emiln,947.94,35.06551047534655
Ch La Croix du Duc Brdx,505.5400000000002,30.458519602800994
Ch La Dom St Emil Gr Cru 09,334.95,73.33333333333334
Ch La Fleur Patris-Querre 09,493.81000000000006,96.39537473927219
Ch La Gordonne Chapelle Rose,167.94,88.74002619983328
Ch La Louviere Pssc-Leg Roug,727.72,68.84516022646072
Ch Lacoste-Borie Pauillac 10,644.85,73.33333333333333
Ch Les Flefs de LaGrange 10,494.89000000000004,58.40085675604681
Ch Lestiac Cotes de Bordeaux,9.49,35.08956796628029
Ch Lilian 09 Ladouys St Este,665.82,71.33159112072333
Ch Malartic-Lagraviere 10,245.97,35.47993657763142
Ch Malartic-Lagraviere Rouge,235.96,67.10459399898288
Ch Marquis d'Alesme,443.88,31.981616653149498
Ch Massiac Viognier,764.4900000000001,22.065690852725364
Ch Maycott Red,10.49,35.081029551954245
Ch Moncontour Vouvray Demi S,474.71000000000004,42.364812201133326
Ch Monestier La Tour Blanc,179.88,42.96197464976651
Ch Montelena Est Cab Svgn Np,909.9300000000001,72.1703867330454
Ch Motte Maucourt Brdx,179.88,34.62308205470313
Ch Musar Hochar Red,329.89,81.44836157507048
Ch Musar Jeune Rouge,239.88,31.96598299149575
Ch Pagodes de Cos 10 Brdx,99.99,67.53675367536755
Ch Perron Brdx Rouge,263.88,33.78808549340609
Ch Pesquie Quint Ventoux Red,263.88000000000005,35.47066848567532
Ch Petit Bocq Cru Borgeos 10,319.9,93.37605501719287
Ch Phelan Segur St Estephe,835.7800000000001,76.23297997080572
Ch Poujeaux 10 Moulis,866.83,77.08201146706968
Ch Rauzan Segla Margaux 09,319.98,66.66666666666667
Ch Reserve d La Cometesse 11,689.85,95.4337899543379
Ch Roumier-Lacoste Barsac W,74.97,31.052420968387356
Ch St-Roch Chimeres CdRoussi,735.5400000000003,15.816950811648613
Ch Ste Michelle Chard Mimi,649.35,37.62993762993763
Ch Ste Michelle Cold Crk Rsl,851.4000000000004,23.890063424947183
Ch Suau Cadillac Wh Brdx,71.94,33.778148457047536
Ch Talbot St Julien 11 GC,439.92,67.73958901618475
Ch Thivin Cote de Brouilly,528.7700000000001,85.31497626567317
Ch Troplong Mondot 10 Brdx,719.97,33.334722280095
Ch Valcombe Rose Ventoux,223.85999999999999,43.60761190029482
Ch Vignot 05 St Emilion Red,824.89,87.96203130114318
Ch de Beaucastel Pape Blanc,999.92,82.87663013041043
Ch de Beaucastel Pape Rouge,823.96,49.99878634885189
Ch de Berne Rose,449.70000000000005,67.80965087836336
Ch de Bonhoste Red Brdx 09,101.93999999999998,78.94840102020797
Ch de Pez 10 St Estephe Brdx,558.87,45.046254048347556
Chambord Vodka,35.98,63.507504168982756
Chanrion Cote de Brouilly,379.80000000000007,93.33333333333333
Chapelle-St-Arnoux CdR Rouge,131.88,33.30300272975432
Charles & Charles Chard,665.85,92.0522640234287
Charles Fournier Rsl,303.81000000000006,69.42826108423029
Charles Joguet Chinon Rose,181.87,75.03711442238962
Chateau Camensac 10,719.85,81.97957907897478
Chateau Carlmagnus 10,944.6500000000001,88.71963160959086
Chateau Gazin Pomerol 10,389.97,31.033156396645907
Chateau Giscours Margaux,399.92,57.478995799159826
Chehalem Ian's Chard Rsv,832.6600000000001,45.08683015876829
Cherry Heering Liqueur,944.7300000000001,50.87485313264107
Cherry On Top Sweet White,64.95,89.00692840646651
Chevalier L'Aujardiere Chard,356.7900000000001,93.73300821211356
Chi Chi's Chocolate Malt RTD,461.58000000000015,98.11083669136444
Chi Chi's Mai Tai,527.5200000000002,28.025477707006395
Chicken & Turkey Cotes du Rh,479.4700000000002,76.34888522743863
Chilcas Pinot Noir,19.99,32.416208104052025
Chimney Rock SLD Cab Svgn,139.98,35.49078439777111
Chinaco Anejo Tequila,66.99,21.8689356620391
Chloe Chard,838.4300000000001,11.205467361616359
Chloe Red,834.3900000000002,10.780330540874187
Christian Bros Ruby Port,720.7200000000001,28.246753246753247
Christian Drouin Calvados,942.5900000000003,87.53859047942372
Christmas Traditions Pnk Mos,119.88,31.03103103103102
Churchills LBV Port,131.94,20.145520691223282
Ciacci 07 Piccolomino Brunlo,779.87,84.51280341595394
Cigar Zin Old Vine Zinfandel,485.73,9.875856957569026
Cinquante-Cinq Chardonnay L,433.69,47.94669003205054
Cinquante-Cinq Viogn Lang Wh,323.76,33.06152705707932
Circa Pinot Grigio,455.64,30.15538583091914
Circa Rosso,116.91000000000001,10.495252758532212
Circadia Cab Svgn Napa Vly,74.99,68.03573809841312
Ciro Rosso Clsc Librandi Cl,77.94,19.55350269438029
Clan MacGregor Scotch,323.73000000000013,64.4518580298397
Claude Riffault Chass Sancer,890.6700000000001,77.47313819933309
Clos Amador Rose Tendre Cava,497.5900000000001,5.464338109688721
Clos LaChance Meritage,399.60000000000014,91.4914914914915
Clos Rochette Faiveley 09,559.7200000000001,14.2642749946402
Clos du Bois Chard Calcaire,516.5300000000001,82.7386599035874
Coastal Vines Cab Svgn Cal,286.59,23.9610593530828
Cocchi Americano,759.6200000000002,3.4846370553698076
Cocchi Vermouth di Torino Sw,37.98,35.07109004739336
Cocci Grifoni Tellus Red,645.62,59.387875220718065
Colby Red,815.0400000000001,31.44876325088338
Colimoro Montepul D'Abruzzo,131.88,31.028207461328485
Collezione Chianti,179.64000000000001,35.07014028056112
Collezione Monte d'Abruzzo,588.82,34.66933867735472
Columbia Crest Gr Ests Syrah,938.4100000000002,34.298440979955465
Columbia Crest H3 Svgn Bl,519.0400000000001,47.78051787916154
Columbia Crest Two Vines Rsl,630.9100000000001,21.483104639214922
Columbia Crest Two Vn Shiraz,226.70000000000005,51.61887957653287
Columbia Crest Walter Clore,500.79,61.99604624692986
Columbia Winery Merlot,503.64,63.4024303073624
Comoloco Monastrell Jumilla,269.7,17.24137931034482
Compilation Cab Svgn,658.8000000000001,35.15482695810566
Concannon Crimson & Clover,311.76,32.87143956889915
Concannon Glen Ellen Wh Zin,15.95,83.44827586206897
Concannon Irish Whiskey,263.88,21.873578899499773
Conch Republic Dark Rum,224.82000000000002,51.69468908460102
Conservancy Concannon Chard,77.94,1.963048498845267
Conti Zecca Primitivo,520.8400000000001,34.29844097995547
Contos de Valpiedra Rioja,199.9,32.86643321660831
Cooks Grand Reserve,285.64000000000004,13.457498949726945
Copain Wentzel Pnt Nr,839.86,90.66272950253614
Cormons Schioppettino,363.72,16.243264049268678
Coronet VSQ,181.85999999999999,32.4975255691191
Cortijo Rosado Rioja,237.83,69.05352562754909
Cortijo Tinto Rioja,195.27,35.45347467608952
Coruba Rum,179.88,24.216144096064042
Corzo Silver Tequila,699.86,25.718000743005742
Cosentino The Zin,629.5800000000002,41.275135804822284
Coste di Brenta Cerasuolo,186.83,2.62805759246375
Courvoisier Rose,591.6800000000001,93.15508382909681
Couvent des Thorins Moulin,649.7500000000001,97.31589072720276
Crane Lake Cab Svgn Cal,733.7500000000002,17.34333057845437
Crane Lake Chard Cal,943.95,17.775305895439374
Crane Lake Pnt Grigio Cal,539.4,33.81535038932147
Creme Yvette Liqueur,47.98,61.83826594414339
Creta Olympia Red,23.759999999999998,35.35353535353535
Creta Olympia White,431.28,56.3717306622148
Cristobal Pie Palo Viognier,359.7,40.867389491242704
Cristobal Pie de Palo Malbec,431.64,34.195162635529606
Croft Reserve Tawny,719.6400000000002,17.542104385526123
Croft Tawny Porto,191.84,0.04170141784821336
Crop Meyer Lemon Vodka,173.94,20.627802690582957
Crossbarn Cab Svgn,439.89,34.208552138034506
Crown Royal Apple,27.859999999999996,89.80617372577171
Cruz Garcia Real Sangria Rd,733.3700000000007,21.724368327038256
Cruzan Est Single Barrel Rum,179.94,21.873957985995325
Cruzan Strawberry Rum,593.4600000000002,13.144946584437045
Culpeo Malbec,281.25000000000006,40.35200000000002
Culpeo Pnt Nr,497.52,36.6136034732272
Cupcake Chianti,587.1600000000003,92.21677225969071
Cupcake Petit Sirah Cal,536.8700000000002,35.22454225417702
Cusumano Merlot,307.78000000000003,31.52251608291638
Cutler Creek Merlot,144.01999999999998,18.01138730731842
Cutler Creek Wh Znfdl,106.12000000000005,14.172634753109728
D Bosler Pnt Nr Casablanca,854.4300000000001,32.727081212036104
DK Burst Blustery Pmnt Trav,472.5700000000002,16.101318323211412
Dad's Hat Rye Whiskey,538.89,81.85158381116739
Dalton Canaan Red,109.89,76.52197652197653
David Stone Pnt Nr,53.88,30.957683741648108
De Martino Cab Svgn Estate,13.99,34.66761972837741
De Martino Svgn Bl Organic,167.88,31.52251608291637
De Villaine Bouzeron Aligot,824.75,2.050318278266151
DeKuyper Buttershots Trav,175.84,95.93949044585987
DeKuyper Cactus Juice,241.77999999999997,41.00835470262221
DeKuyper Cherry Brandy,519.4800000000002,25.259875259875297
DeKuyper Coffee Brandy,659.3400000000001,17.40528407195077
DeKuyper Mixed Berry Medley,252.77000000000004,96.85089211536179
DeKuyper O3 Orange Liqueur,199.89999999999998,23.061530765382678
DeKuyper Peach Pucker,90.92999999999999,56.36203673155173
DeKuyper Pomegranate,729.2700000000004,60.56330302905647
DeKuyper Strawberry Pucker,527.5200000000002,64.2857142857143
DeLille Cellars Doyenne AIX,935.76,68.39039924767035
Debauchery Chard,156.32999999999998,51.50642870850124
Debauchery Pnt Nr,11.58,65.97582037996547
Del Maguey Vida Mezcal,216.93,24.76835845664501
Delicious White P Vella B/B,509.66,11.56457246007142
Desert Wind Ruah Red,644.6900000000002,28.3562642510354
Dingle Original PotStill Gin,179.94,20.64021340446815
Diseno Torrontes Salta,685.0200000000003,82.76838632448688
Dom Bousquet Malbec Gr Rsv,311.88,31.050404001539057
Dom Chandon 00 Carnrs Pnt Nr,551.76,31.970421922575028
Dom Chandon Etoile,909.6600000000001,33.70600004397248
Dom Chandon Riche Extra Dry,227.88,31.49025803054239
Dom Fleurot-Larose Chass-Mon,223.96,33.77388819432042
Dom LaFage Mira Cd Rousillon,179.88,34.62308205470313
Dom Leflaive Merslt 07 d'Ane,236.97,32.89023927079377
Dom Piquemal Cotes du Roussi,359.76,65.51034022681789
Dom Serene Roadblock Syrah,359.80000000000007,79.58866036687049
Dom Sourdais Chinon,742.5100000000002,51.514457717741195
Dom Zind Humbrecht Pnt Bl 12,967.5600000000002,9.711025672826505
Dom de La Foret 15 Rose,374.75,4.032021347565047
Dom de Reuilly Pierre Plates,469.53000000000014,29.563606159350858
Dom de Reuilly Pnt Gris,119.88000000000001,33.333333333333336
Dom de Victoires Quincy Whte,775.0300000000001,34.668335419274094
Dom de la Damase Grenache,563.5300000000001,48.57416641527516
Dom du Grand Tinel Establet,227.94,32.877072913924714
Domino Moscato,143.76,17.863105175292148
Don Q Coco Coconut Rum,77.94,73.33846548627149
Don Q Coco Rum,119.94,40.47023511755877
Don Q Limon Rum,311.76,21.862971516551195
Don Simon Selecion Chard,464.07000000000005,41.35367509211972
Donnafugata Mille una Notte,510.92999999999995,80.29475662028067
Donum Russian River Pnt Nr,395.93999999999994,32.429155932717066
Dos Minas Torrontes,297.75,39.30478589420655
Double T Trefethen Red,311.88,31.050404001539057
Douce Provence Pear Liqueur,21.99,28.55843565256934
Douglass Hill Cab Svgn,263.56,26.24070420397632
Douglass Hill Merlot,143.76,0.08347245409013365
Dr McGillicudy's Buttersctch,398.9700000000004,86.13930871995389
Dr Tanisch Feinherb Rsl,359.76,32.421614409606406
DuCourt Brdx Blanc,305.64,7.970160973694547
Duboeuf Bjls Rd,163.98999999999995,51.19214586255257
Dubonnet Bl,131.88,31.028207461328485
Duca di Salaparuta Paso Mule,945.57,34.19736243747158
EOS Cab Svgn Paso Robles,725.34,33.41743182507515
Eagle Rare Bourbon 17 yr,79.99,28.05350668833604
Early Times Mint Julep RTD,233.82,34.64203233256351
Earthshaker La Quete Lirac C,191.88,34.64665415884928
Ecco Domani Collezion Merlot,203.76,32.86219081272084
Echeverria Ltd Edtn Cab Svgn,492.83000000000004,53.00610758273644
Eden Ice Sprklng Cider Semi,297.48999999999995,26.679888399610057
Eden Ice Windfall Orchard,359.80000000000007,35.09727626459145
Eden Rose Cider Keg,502.98,35.06302437472663
Egri Bikaver Bulls Blood Eg,723.8100000000001,28.026692087702585
El Caballo Gold Tequila,359.6,37.03003337041158
El Petit Carlania Trepat,803.57,14.387047799196104
El Toro Silver Tequila,519.3500000000003,37.27929142196981
Elderton E Series Shiraz/Cab,503.72,3.196220122290166
Elijah Craig 18 Yr,519.96,82.01400107700593
Elizabeth Rose Pnt Nr,239.88,34.61730865432716
Emmolo Svgn Blanc,937.33,94.18774604461609
Entwine Pnt Grigio,545.6100000000001,40.177049540880866
Ermita Rioja Crianza,543.6700000000001,64.70653153567422
Ermita Rioja White,508.6800000000002,83.6753951403633
Ermita Sn Felices Rose Rioja,586.6300000000002,90.10960912329749
Esperto Venezie Pnt Grigio,719.28,33.733733733733736
Esporao Reserva Red Alentejo,299.88,32.89315726290516
Est! Est!! Est!!! Bigi Grfti,105.36,31.89066059225512
Evans Nine Stones Brs Shiraz,573.5600000000002,41.06283562312576
Ezra Brooks Cinnamon Bourbon,56.97,3.2824293487800555
F Coppola Directors Cab Svgn,902.5400000000003,3.2065060828329237
F Coppola Rosso & Bianc Shir,354.68000000000006,37.43092364948687
F Coppola Sophia Rsl,255.83,6.2815150686002506
Fabrizio Dionisio Il Cast Sy,287.88,35.05627344726969
Fabrizio Dionisio Rose Syrah,807.4600000000003,45.83013400044585
Fairview Pinotage Paarl,377.73,57.469621157969975
Falesco Tellus Cab Svgn IGT,923.1600000000001,31.483166515013654
Fancy Pants Cab Svgn,215.76000000000002,32.925472747497224
Fancy Pants Red Blend,341.61999999999995,12.885662431941904
Farm Napa Vly Cab Svgn,130.47,31.961370429983905
Farmers of Wine Italian Red,693.5500000000002,34.60457068704493
Farnese Edizone Cinque Autoc,413.91,61.68249136285666
Farnum Hill X-Dry StillCider,623.4800000000002,64.56662603451595
Fattoria Del Cerro Vino Nob,404.70000000000005,73.84729429206818
Feast Moschofilero,299.75,5.241034195162628
Felino Vino Cobos Chard,677.9100000000002,76.58096207461168
Ferghettina Francia Mil Brut,799.84,65.5131026205241
Fernet Branca Borgetti Cafe,239.88000000000002,6.015507753876941
Ferrari Carano Cab Svgn Rsv,695.86,22.32920415026011
Ferrari-Carano Terre Chard,638.79,18.40510966045178
Ferreira 10-Yr Tawny Port,24.99,33.7735094037615
Fess Parker Rsl,143.88,31.02585487906589
Fetzer Eagle Peak Merlot Cal,462.59000000000015,10.912471086707477
Fetzer Quartz White Blend,936.3300000000003,6.503049138658412
Fifty Shades Of Grey Wh Silk,450.59000000000015,88.3796799751437
Finca Abril Malbec 1922,271.91,2.4677282924496997
Finca Abril Rapsodia Malbec,187.9,19.148483235763713
Finca El Origen Rsva Malbec,623.52,14.357197844495765
Finca La Linda Bonarda,167.88,31.95139385275197
Fincas de Ganuza 03 Rsva,539.9,42.452305982589365
Firefly Ridge Chard,5.79,31.088082901554404
Fish Eye Moscato,487.39000000000004,5.037033997414803
Fish Eye Pnt Nr,113.94,34.64981569246973
Fish Eye Rsl,191.76,34.39194826866917
Fish House Svgn Bl,287.76,27.27272727272727
Five Oaks Chard Cal,890.6500000000001,31.016673216190405
Five Oaks Pnt Grigio Cal,613.98,31.39841688654355
Five Oaks Pnt Nr Cal,648.09,38.86034347081424
Five Oaks Wh Moscato,678.4100000000001,32.60712548458897
Five Oaks Wh Znfdl Cal,136.44,35.356200527704495
Flag Hill Heritage Rd NH,49.96,65.5324259407526
Flint & Steel Svgn Bl Napa V,119.91999999999999,0.03335557038024687
Flip Flop Merlot,95.88,32.91614518147685
Flip Flop Moscato,729.0700000000004,36.996447529043884
Flip Flop Rsl,511.3600000000001,38.667474968710906
Flip Flop Sangria,71.88,32.38731218697829
Flipflop Spiced Rum,389.57000000000016,70.92178555843624
Flor De Cana 4 Yr Old Wh Rum,167.88,6.004288777698363
Flor De Cana Centenial 12 Yr,519.87,26.15846269259623
Flowers Sonoma Cst Chard,599.9399999999999,89.24725805913924
Flowers Sonoma Cst Pnt Nr,399.96,83.33333333333333
Flying Fish Rsl Wash,155.88,32.87143956889915
Fonseca Guimaraens Port,439.89000000000004,34.633658414603666
Fonseca Porto 11,989.89,34.63718190910101
Fontana Candida Pinot Grigi,125.86,9.574129985698393
Forbidden Secret Pumpkin Crm,39.98,20.010005002501245
Forestville Chard Cal,95.88,31.914893617021274
Foxglove Chard,524.65,10.980653769179446
Foxglove Znfdl,359.76,32.421614409606406
Foxhorn Pnt Grigio/Chard Bl,850.0,32.90470588235295
Franciscan Est Cab Svgn,902.79,25.298242116106735
Franzia Cab Svgn Cal,135.82999999999996,2.6430096444084135
Franzia Fruity Red Sangria,103.86999999999998,10.753826899008367
Franzia Refreshing White Ta,643.5600000000002,1.7341040462428046
Fratelli Urciuolo Fiano,575.2800000000001,35.04380475594494
Fratelli Urciuolo Greco di T,791.0100000000002,32.41551939924908
Frenchhouse Chard VDP D'Oc,119.88,34.63463463463463
Frey Vyds Organic Blanc,337.74000000000007,35.00917865813941
Fritz Pnt Nr RRV,647.76,33.79029270100037
Fritz Svgn Bl Dry Creek Vly,287.82,72.39941630185533
Fritz Znfdl Dry Creek Valley,215.88,34.63035019455253
G Bertrand CdRoses Blanc Lan,269.85,25.41041319251435
G Bertrand T Jeffrsn Cremant,298.77000000000004,94.12256920038826
G Ferrer Etesian Pnt Nr Rose,755.4600000000002,35.45389563974268
GH Mumm Cordon Rouge,472.49,34.63988655844568
Gabbiano Pinot Grigio Delle,959.0400000000002,26.720470470470488
Gaia Ritinitis Nobile Retsna,929.38,6.544147711377471
Galerie Latro Cab S Knights,999.8000000000001,93.33266653330666
Galliano Tiki Gift Pack,398.79,85.56633817297325
Gallo Chard Cal,225.09,10.760140388289129
Gallo Family Vyds Sweet Red,354.29000000000013,23.181574416438533
Gallo Merlot Cal,164.69999999999996,7.941712204007261
Gallo Pnt Nr Pavia,557.46,35.48595414917663
Gallo Twin Vly Cab Svgn Cal,956.6200000000003,26.14826505318381
Gallo Twin Vly Moscato,598.8000000000001,25.711422845691395
Gallo Twin Vly Pink Moscato,469.0600000000002,25.877286487869373
Gallo Twin Vly Pnt Grigio,688.0200000000002,14.260407785405697
Gallo Twin Vly Svgn Bl Cal,219.56,5.993805793404991
Gardacho Garnacha,383.76,33.771106941838646
Gaston & Ravaut Bourgn Chard,699.75,64.86888174347982
Gattinara Red,335.84000000000003,51.6198189614102
Gazela Vinho Verde,189.81,14.65149359886202
Gekkeikan Sake Cap Ace,693.6800000000002,37.10068042901628
Georgi Watermelon Vodka,99.89999999999999,76.36636636636636
Gerard Bertrand 12 Roses,254.83000000000004,6.478829023270433
Gerard Bertrand 13 Gris Blan,179.88,59.77318212141427
Gerard Bertrand Merlot Rsv,335.76,31.52251608291637
Geyser Peak Pnt Nr,71.96,86.11728738187881
Geyser Peak Tectonic Red,349.86000000000007,67.74709883953582
Gianni Gagliardo Dolcetto D',949.5000000000002,35.07951553449185
Gifft Chardonnay,279.8,94.24588992137241
Giorgio & Gianni Lambrusco,107.88,32.48053392658509
Girasole Chard,335.76,38.52751965689778
Girasole Hybrid Red,584.5600000000001,35.212809634596965
Girl & Dragon Malbec,643.5400000000002,32.45175125089351
Glen Ellen Pnt Grigio RSV,929.5400000000002,32.51555187232065
Glory Days Merlot,301.92,33.70429252782194
Gnarly Head OV Zinfandel,119.88,31.03103103103102
Goats Do Roam White,431.52,35.483870967741936
Gordon Est Cab Svgn Columbia,131.94,88.81309686221009
Gordons Vodka,215.76,24.249165739710786
Goulee Cos d'Estournel 10,558.87,69.4347522679693
Grady Family Vyds Znfdl,503.64,56.730998332142015
Graham's Six Grapes Gift Pk,379.79999999999995,58.07003686150605
Gramona Imperial Cava Gr Rsv,782.73,25.913150128396772
Gramona Lustros Gr Rsva Cava,902.7900000000001,93.65079365079364
Gran Gala Liqueur,476.19000000000057,83.57588357588361
Grand Sigognac Medoc Bordx,367.77,30.43478260869565
Grape & Vine Pnt Grigio,39.48,35.562310030395125
Gravelly Ford Chard,95.88,31.038798498122645
Grayson Cellars Merlot Paso,671.4,42.35924932975871
Green Lip Svgn Bl,143.88,31.526271893244374
Grenache/Shirz Stump Jump,131.89,26.757146106603987
Grey Goose VX,599.92,28.05707427657021
Grooner Gruner Veltliner,351.6400000000001,59.39028551928109
Gruet Bl de Bl 25th Annivrsy,588.69,66.70573646571201
Guidobono Barbera D'Alba,503.64,34.23874195854181
Guillaume Vrignaud Chablis 1,455.88,34.21953145564623
Guillermo Mndza Kosher Malbc,863.3400000000003,78.08511131188176
Gum Drop Pink Moscato,643.0800000000005,39.85507246376817
Guntrum Dry Trocken Rheinhsn,601.5700000000003,26.59208404674438
H3 Horse Heaven Hills Chard,179.88,51.10073382254837
Hacienda Haro Lopez Cri Rsva,179.88,89.62641761174116
Hahn Pnt Nr Monterey,431.64,31.94328607172644
Hamilton Russell Pnt Nr,755.73,41.12182922472312
Hancock Rsv Bourbon,849.83,16.63273831236836
HandCraft Artisan Coll Pet S,457.41000000000014,57.259351566428386
Handsome Devil Cab Svgn,373.6600000000002,27.93448589626937
Hangar One Blueberry Vodka,167.94,87.27521733952602
Hangar One Citron,27.99,28.04573061807788
Hangar One Kaffir Lime Vodk,167.94,75.49124687388354
Hangar One Mandarin Blossom,391.86,24.794569489103257
Hangtime Pnt Nr Cal,560.6700000000001,3.0945119232347253
Haras Estate Svgn Blanc,143.88,32.86071726438699
Hardys Whiskers Blake Tawny,335.76000000000005,44.31736954967835
Hartford Court Chard RRV,998.6100000000001,49.25947066422328
Harthill Farms Cab Svgn,595.0299999999999,89.95680890039156
Harthill Farms Chard,45.48,35.092348284960416
Hartley & Gibson Fino Dry S,83.94,35.09649749821301
Hartley & Gisbon Pedro Zimen,505.7400000000001,79.32534503895282
Harwood Canadian,728.46,28.539659006671602
Hatzimichalis Kapnias Red,373.83,68.41344996388733
Haut-Carles Fronsac 10,662.87,69.2337864136256
Hawk Crest Merlot,444.6900000000001,35.15482695810566
Hayes Ranch Red Blend,269.70000000000005,17.775305895439395
Hayes Valley Chard Monterey,979.02,55.97842740699883
Hayman's Old Tom Gin,529.7600000000001,32.2712171549381
Hayman's Sloe Gin,53.98,28.56613560577991
Hazlitt Vyds Red Cat Finger,65.88,32.96903460837887
Hazlitt White Cat Fngr Lakes,935.9300000000003,39.556377079482466
Head to Head Red Toscana,409.59000000000003,4.929319563465918
Heinrich Vollmer Riesling,863.2800000000004,64.55495320174221
Heitz Martha's Vyd Cab Svgn,674.97,78.49534053365336
Henri Bourgeois Svgn Blanc,14.99,35.090060040026685
Henry Fessy Bjls Vlgs Crus d,548.3900000000002,9.473185141961038
Hermanos Malbec-Tannat,167.88000000000002,32.880629020729096
Herradura Anejo LaCaretta DB,389.94,20.633943683643633
Herradura Reposado Barrel 11,551.88,24.244400956729724
Herzog Kosher Wh Znfdl,97.86000000000001,80.82975679542203
Herzog Kosher Znfdl,409.59000000000003,89.98022412656559
Hey Mambo Sultry Red,129.9,21.570438799076218
Hidalgo Gobernador Oloroso S,899.7000000000002,82.3407802600867
High Note 1100 Meter Red,226.78000000000003,29.940911896992688
Hillinger Leitheberg Blaufra,259.87,8.892907992457772
Hillinger Secco Sparkling,332.31,33.79073756432246
Hiram Walker Mango,629.4000000000002,14.094375595805566
Hiram Walker Peppermint Schn,52.74,22.52559726962458
Hob Nob Wicked Red Ltd Ed,509.4900000000001,69.23982806335748
Hobo Znfdl Dry Creek,959.52,32.86643321660831
Hogue Clrs Merlot Wash,632.3900000000001,36.77319375701703
Hogue Clrs Pnt Gris Columbia,411.64,32.309785249246914
Hogwash Rose,944.3700000000002,62.908605737158105
Homericon Mastiha,399.8,3.5617808904452106
Honeymaker Spiced Mead,792.3900000000003,79.90635924229231
Honig Cab Svgn,799.9,27.157144643080372
Honoro Vera Jumilla Rose,215.76,31.47942157953281
Honoro Vera Merlot Jumilla,543.3600000000001,11.565076560659623
Honoro Vera Organic Jumilla,908.4300000000004,55.69499025791752
House of Stuart Scotch,119.88,27.52752752752753
Howling Moon Pnt Grigio Lodi,459.5400000000002,30.85259172215697
Hpnotiq Harmonie,799.6000000000003,86.47073536768384
Huber Gruner Veltliner Trais,475.72000000000014,17.060455730261513
I Lauri Trebbiano d'Abruzzo,371.64,40.71682273167582
I'm Bananas Over You,149.70000000000002,36.99398797595192
Il Colle Prosecco Brut,203.88,31.018246027074753
Il Donato Pnt Grigio Daunia,609.39,30.172795746566226
Il Donato Vino Rosso Puglia,227.76,35.51106427818757
Il Poggio Sangiovese Rubico,167.88,35.09649749821301
Il Poggione di Montalcino,715.96,83.65970165931057
Ilauri Bajo Montplc d'Abruzo,539.7,45.91439688715954
Immersion Red,94.95,33.75460768825698
Imperial Blended Whiskey,224.82,26.98158526821457
Inman Family Pnt Nr RRV Sono,335.88,31.975705609146125
Insomnia Pnt Grigio,233.74000000000004,10.66997518610424
Irishman Cream Liqueur,129.89999999999998,68.00615858352577
Iron Horse Wedding Cuvee,350.91,16.76498247413868
Ironside Cab Svgn,608.5700000000002,26.568841710896056
Irony Chard Napa,594.3,43.20040383644623
Islay Mist 8 Yr Old Scotch,213.86999999999998,83.74246037312385
J & B Scotch,149.94,25.370148059223684
J Lohr Cypress Merlot,638.2900000000002,30.965548575099117
J Lohr S Ridge Ps Rbls Syrah,307.78,28.728312430957164
J Lohr Tower Road Petite Sir,834.5900000000001,34.6793036101559
J Lohr Valdiguie Monterey,782.13,26.47769552376204
J W Dant Bourbon,482.79,36.02187286397813
JJ Prum Bernkasteler Bads 11,458.83000000000004,69.24351066843928
JM Gobillard Tradition Brut,199.95000000000002,76.66416604151038
JP Chenet Merlot/Cab,287.76,2.543786488740615
Jaboulet Crozes Herm 10 Thal,335.93,90.7242580299467
Jack Daniels 2 Yr Rested Rye,499.90000000000003,92.4244848969794
Jacobs Creek Two Lands Pnt G,819.78,22.476762058113152
Jacobs Crk Chard Rsv,455.05000000000007,35.49060542797497
Jacobs Crk Moscato,944.6500000000003,17.07404858942469
Jacobs Crk Moscato Rose,89.94,83.9226150767178
Jacobs Crk Shirz Rsv,550.5000000000001,26.97547683923707
Jacobs Crk Sweet Red,41.94,42.06008583690986
Jacopo Blondi Santi 10 Sasso,524.85,81.86148423359056
Jacques Bonet Brandy,351.56000000000006,32.88485607008763
Jadot 12 Steel Chard,832.51,8.98848061885143
Jadot Beaune Bressandes 12,179.96,50.65570126694821
Jadot Fixin 12,209.94,78.35572068209964
Jadot Marsannay Clos Roy 12,349.90000000000003,93.42097742212061
Jadot Moulin-a-Vent Jacques,295.84000000000003,5.246078961600878
Jadot Pernand Croix Blanc 12,104.97,77.47927979422691
Jadot Saint Aubin 13,797.7900000000001,93.43185550082103
Jadot Santenay Clos Rous 12,139.96,83.22377822234924
Jadot Savigny Les Beaune 12,489.86000000000007,76.18707385783694
Jadot Savigny Narbantons 12,104.97,35.49585595884539
Jamieson R Double Lariat Cab,647.88,34.63604371179848
Jargon Pinot Nr CA,458.7,29.62720732504905
Jean Luc Colombo Ruchets 07,159.98,65.51443930491311
Jeremiah Weed Bourbon,554.6300000000001,20.013342228152116
Jeremiah Weed Sarsaparilla,179.88,44.429619746497664
Jesse James Spiced Bourbon,383.76,21.88868042526579
Jimenez Landi Bajondillo Men,371.76,31.052291801162042
Joel Gott Rsl Columbia Vly,207.84,51.61662817551963
John Taylor Velvet Falernum,159.9,34.31519699812383
Jonathan Edwards Znfdl Lodi,176.94,32.89250593421499
Jose Cuervo Tropina,350.82,28.578758337609028
Josef Weinberg Radiance Mosl,359.64000000000004,31.531531531531538
Joseph Mellot Reuilly Svgn B,15.99,31.0193871169481
Juan Gil Dry Wh Muscat Jumil,687.3700000000003,62.46562986455623
Jubileo Meritage,119.88,32.43243243243243
Julius Treis Trocken Rsl,137.94,35.0587211831231
K Vintners Cab Svgn Stonerid,563.88,32.432432432432435
KJ Est Cab Hawkeye Mtn,299.94,32.42648529705941
KJ Est Chard Santa Maria Vly,167.94,33.762057877813504
KJ Jackson Est Pnt Nr Anders,101.94,33.78457916421424
Kaikouzu Potato Shochu,699.8000000000001,9.082595027150623
Kangarilla McLaren Vl Shiraz,131.94,31.969076853115048
Ke Ke Beach,988.1400000000003,21.552614002064516
Ken Forrester Petit Pinotage,461.67000000000013,13.46199666428404
Kendall Jackson Pnt Nr Spl S,671.52,34.238741958541816
Kendall Jackson Sp Sl Merlot,671.52,32.88062902072909
Kennedy's Original Irish,527.6700000000001,89.17884283737942
Kenwood Yulupa Merlot Cal,988.9,32.72525027808676
Keo St John Commandaria Cyp,719.73,50.96911341753157
Kesselstatt Piesp G Kab Rsl,314.79,35.09006004002669
Kesselstatt Piesporter Gold,929.69,97.80572018629866
Kesselstatt Schwartzhof GG,263.88,33.78808549340609
Kibo Junmai Sake,197.67000000000002,5.752010927303083
King Rabbit Malbec Pay D'Oc,143.82,77.76387150604921
King Robert II Scotch Whisky,246.86999999999998,77.86689350670393
Kir-Yianni Akakies Yianakoho,395.78,33.79655364091162
Kirkland Signature Cab Svgn,311.76000000000005,39.26096997690532
Kirkland Signature Chard,171.38,25.778970708367368
Kirkland Signature Chard 12,319.8,20.0
Kirkland Signature Supr Brdx,7.99,32.91614518147684
Kistler Hyde Chard,875.88,34.210165776133714
Kracher Beerenauslese Cuvee,119.88,31.931931931931935
Kronan Swedish Punsch,179.94,51.69500944759364
Krug Rose Champagne,467.98,0.6624214710030392
Kunde Cab Svgn Sonoma Cnty,540.6300000000001,22.507075079074422
Kunde Chard Sonoma Cnty,870.3300000000004,21.046040007813154
L.A. Cetto Cab Svgn,431.64,34.195162635529606
LAN Rioja Reserva,809.52,2.905425437296173
LAN Rsva Rioja,188.92000000000002,5.616133813254294
La Atalaya Almansa Red,970.4000000000001,73.45424567188789
La Basttistina Gavi,123.91999999999999,9.651387992253062
La Crema Pnt Nr Sonoma Coast,701.4600000000003,26.86682063125484
La Crema Russian Rive Pnt Nr,395.88,31.97938769324038
La Demoiselle Sociando Haut,424.8300000000001,67.98719487795118
La Fee NV Absinthe,559.7200000000001,44.847423711855946
La Joya Svgn Blanc,83.92999999999999,3.4910044084355927
La Monacesca Verd di Mattell,779.61,44.54663229050423
La Mura Rosso,838.8,24.620886981401988
La Noble Chard Unoaked,629.5500000000002,2.0887935827178463
La Petite Maison Ventoux Bl,160.76999999999998,88.55507868383404
La Pettegola Vermentino,269.85,19.488604780433587
La Puerta Alta Malbec Bonrda,191.88,32.89555972482802
La Scolca Black Label Gavi,431.88,31.03639899972215
La Terre Chard Cal,461.1600000000002,26.045190389452717
La Terre Merlot,184.23,10.191759068920526
La Vieille Ferme Red B/B,499.80000000000007,18.367346938775523
La Volpe Prosecco,415.74,8.904603838937806
Laboure-Roi Pouilly Fuisse,639.36,66.66666666666666
Lafite Rsv Speciale Bl Brdx,485.72000000000014,70.40270114469243
Lake Sonoma Cab Svgn AV,527.7800000000001,0.32778809352382016
Lamberti Prosecco Extra Dry,558.4000000000002,29.899713467048738
Lange Pnt Gris Willamette,940.44,37.45055505933393
Las Pizarras Garnacha,419.4,31.902718168812584
Latour L'Ardeche Chard,558.57,12.992104839142819
Lauders,969.209999999999,26.6928735774496
Laurent Reverdy Sancerre,323.76,35.50778354336545
Le Capitaine Vouvray Loire,191.88000000000002,33.77110694183866
Le Grande Courtage Rose,988.1000000000004,52.39955470094122
Le Petit Cheval St Emilion,719.85,33.331944155032296
Le Volte Red Toscana,666.77,33.77026560883063
Leblon Cedilla Acai Liqueur,89.97,73.3355562965433
Lee Family Farm Rio Tinto S,730.5699999999999,29.89583475916064
Leese Fitch Svgn Bl,533.5400000000001,15.320313378565817
Leese-Fitch Chard,843.28,24.011004648515325
Leese-Fitch Merlot,179.84,4.7153024911031975
Legaris Crianza Ribera del,94.74000000000001,32.425585813806215
Legend of the Vine Cab Svgn,783.38,33.77926421404682
Lepanto Solera Gran Reserva,783.84,87.82532149418249
Leroux Apple Schnapps,29.96,23.097463284379177
Leroux Cherry Brandy,95.88000000000001,21.902377972465594
Leroux Polish Blackberry Bdy,422.53000000000014,1.3040494166095091
Les Dauphins Cotes du Rhone,486.1500000000001,57.79080530700402
Les Fiefs de Lagrange 11 Jul,494.85,54.026472668485404
Les Hauts de Lagarde Blanc,688.4700000000003,7.598007175330829
Les Lauzeraies Tavel,637.4200000000003,24.10341689937565
Les Pasquets Entre Deux Mers,789.2100000000003,83.86994589526236
LiDestri Spicy Bloody Mary,71.92,2.558398220244721
LiDestri White Sangria,197.78000000000006,9.748205076347482
Liberty Creek Cab Svgn Tetra,432.71,33.77550784590141
Liberty Creek Merlot Tetra P,85.24000000000001,12.998592210229953
Liberty Creek Pink Moscato,215.73000000000005,27.94697075047515
Liberty Creek Prem RSV Merlo,407.4900000000001,25.023926967532972
Liberty Creek Vyd Pnt Noir,231.70999999999998,2.1190280954641443
Liberty Crk Pnt Grigio,35.88,32.107023411371244
Liberty Crk Vyd Pnt Grigio,990.7300000000002,32.0420296145267
Liberty School Cuvee Red CC,118.83,54.15299166877051
Lila Rose 4 Pk Cans,65.94,33.75796178343949
Lincourt Courtney's Chard,461.5800000000001,76.34212920837126
Line 39 Merlot,211.79000000000005,8.10708720902783
Liquore Strega,353.88000000000005,25.364530349270947
Little Black Dress Pnt Grigi,163.83999999999997,21.484374999999996
Little Yering Pnt Nr Yarra V,719.52,32.421614409606406
Live-A-Little Wicked White,791.28,31.938125568698805
Livingston Cab Svgn Cal,157.85999999999999,70.86025592296971
Livingston Chianti Cal,153.79999999999998,10.858257477243148
Livingston Clrs Pnt Grigio,255.67999999999998,27.4874843554443
Livingston Clrs Red Rose,497.37000000000006,31.09355208396165
Livingston Clrs Rhine Calif,350.4600000000001,87.64480967870799
Livingston Rhine Calif,465.41,34.341763176554004
Livingston Sangria Natural,569.2800000000002,31.418634064080948
Livingston Wh Znfdl Cal,341.5700000000001,27.227215504874575
Livio Felluga Pinot Grigio,847.6400000000001,56.877919871643634
Llord's Peach,227.62,29.452596432650907
Lock & Key Meritage,779.4000000000003,31.48575827559664
Lokoya Diamond Mtn Cab Svgn,974.97,33.77334687221145
Lombardo Marsala Ambra Dry,97.13000000000001,25.37835890044271
Long Lake Cab Svgn Cal,209.64999999999998,5.442404006677782
Looking Glass Cab Svgn,39.48,31.00303951367781
Looking Glass Wh Znfdl,39.48,31.00303951367781
Lost Angel Moscato,779.2200000000001,18.80341880341881
Louis Jadot Chmble-Musgny 11,99.98,65.5131026205241
Louis Jadot Nuits St Geo 11,899.88,34.64461928257101
Louis Latour 13 Pnt Nr Bourg,167.88,33.30950679056469
Louis de Grenelle Rose,734.5100000000001,21.00856353215069
Loukatos Mastic Liqueur,485.73000000000013,50.972762645914415
Loukatos Tsipouro Brandy,139.93,36.49681983849068
Love Oregon Pnt Nr,659.6100000000001,11.863070602325648
Love Oregon Rsl,978.3400000000003,52.04121266635322
Lucano Limencello,945.1400000000004,69.68068222697167
Lucanto Montepulciano d'Abru,577.6600000000001,51.63937264134613
Lucienne Doctor's Vyd Pnt Nr,767.8399999999999,34.35481350281309
Lucky Duck Cab Svgn,90.96,31.134564643799468
Lucky Duck Moscato,227.39999999999995,22.568161829375526
Lucky Duck Riesling,125.07000000000004,27.176781002638545
Lugny Macon Vllgs Vielle Rsv,191.88,32.89555972482802
Luiano Rosato,385.00000000000006,53.40963156877558
Luigi Bosca Malbec SV DOC,418.8300000000001,14.27548169901871
Lustau Pedro Ximenez San Emi,107.96,33.34568358651352
Luxardo Amaretto di Saschira,349.86,44.13765506202481
Luxardo Sambuca Dei Cesari,299.88,22.488995598239296
Luxury Edition Pnt Nr Rose S,623.5200000000002,34.64203233256353
Luxury Edition Prosecco,740.4300000000002,33.33333333333336
Lyrarakis Assyrtiko,431.72999999999996,9.27663122785073
Lyrarakis Okto White,959.4,34.208880550343956
M & R Bianco Vermouth,964.2100000000006,21.855197519212666
M Chiarlo Barolo Cerequio,879.89,64.58193637841094
MU Creamy Vanilla Latte,142.89000000000001,24.753306739449936
Ma Terr Aglianico Vulture,167.88,31.95139385275197
Mad Dogs & Englishmen Jumil,279.80000000000007,97.6661901358113
Maggio Cab Svgn,333.66,13.253012048192778
Maggio Chardonnay,131.88,33.75796178343949
Malibu Cosmo Light RTD,610.5900000000001,66.5372836109337
Malibu Island Spiced Rum,587.0300000000002,65.82116757235576
Manero Rosso di Toscana IGT,167.88,32.88062902072909
Manifesto! Cab Svgn,675.48,22.934801918635632
Manifesto! Svgn Bl,131.88,32.84804367606915
Manischewitz Cream Peach,119.76,33.26653306613226
Manteo Red Blend Sonoma Cnty,407.76,34.19658622719247
Mapuche Svgn Blanc,833.2800000000001,38.73847926267282
Marchesi Barolo Ruvei B Alba,179.9,11.550861589772095
Marchesi Bassini Chianti Rsv,413.64,33.33333333333333
Marchesi Bassini Sangiovese,359.64,34.63463463463464
Marchesi Di Barolo Sbirolo N,227.88,34.64981569246973
Marchesi di Barolo Barbaresc,986.79,7.244702520293073
Marcus James Rsl,223.72000000000003,15.519399249061335
Margaritaville Coconut,999.8100000000003,15.928026325001769
Margaritaville Island Lime,507.1500000000002,8.58720299714093
Margaritaville Tangerine Teq,376.74,64.48479057174708
Marie Brizard Anisette,159.92000000000002,21.86093046523262
Mark West Pnt Nr Santa Lucia,409.7200000000001,94.18627355267012
Mark West Pnt Nr Willamette,607.7400000000001,10.968506269128257
Marques de Grinon 10 Cab Svg,999.7500000000001,83.78394598649662
Marquis de Calon St Estephe,927.6800000000001,75.48723697826837
Marquis de Chasse Red Gines,205.82,61.403167816538726
Mas Alta Black Slate Priorat,611.64,77.16303708063566
Mas Belles Eaux Les Cot Roug,50.97,9.77045320776927
Mas Carlot Grenache Syrah,831.36,1.2702078521939888
Mas la Chevaliere Chard,359.64,31.03103103103102
Masi Tupungato Corbec,167.88,31.95139385275197
Masseria Prosecco,959.04,14.414414414414404
Massolino Barolo Parussi,989.85,90.99055412436228
Mastroberardino Radici Taura,934.83,3.9568691633772994
Matanzas Creek Chard Sonoma,543.7900000000001,63.96403023225877
Mayfair London Dry Gin,411.82000000000005,87.86362974114904
Maz Caz Rouge,575.64,31.95747342088805
McCormick Cherry Vodka,188.73000000000002,65.07709426164362
McCormick Gold Rum,524.2500000000001,28.999523128278504
McCormick Irish Cream Liquer,545.4800000000001,13.109554887438602
McCormick Scotch,494.0700000000001,40.02064484789605
McManis Barbera Jamie Lynn,113.91,22.78114300763761
McManis River Jct Chard Cal,617.46,37.99436400738511
McWilliams Hanwood Cab Svgn,945.7200000000001,66.98600008459164
Meletti Amaro,35.98,20.011117287381868
Melini Orvieto Clsc Orzalume,159.8,58.623279098873596
Menage a Trois Merlot,155.88,33.33333333333333
Mer Soliel Reserve Chard SB,441.74000000000007,5.138769411871246
Mercat Brut Nature,314.79,53.92166206042123
Mercer Canyons Red,546.24,34.819859402460466
Mercer Canyons Rsl,167.88,35.09649749821301
Mercer Pnt Gris,89.92999999999999,75.64772600911822
Meridian Pnt Grigio Cal,131.88,33.75796178343949
Merieau 12 Les Hex PN VdP,506.61000000000007,13.345571544185875
Merlo Family Vyds Pnt Nr,431.76,34.18565869927737
Mermelada Sassy Red,23.98,34.19516263552961
Merriam Cab Franc Windacre V,594.83,80.52384714960577
Merriam Cuvee Pnt Nr RRV,574.77,66.34479878908085
Merry Irish Cream Liqueur,35.97,73.53350013900473
Merum Monastrell Jumilla,455.62,16.35134541942847
Mia Dolcea Pink Moscato,143.88,35.446205170975816
Mile Marker Pnt Gris,671.5200000000001,32.880629020729096
Mimosa by St Clair Winery,335.76,67.3338098641887
Miolo  Lote 43,359.88,2.61753917972658
Mionetto IL Lambrusco Sprklg,167.88,31.52251608291637
Mionetto IL Moscato,747.0600000000004,27.26688619388006
Mirafiore Dolcetto D'Alba,679.6800000000002,83.76883239171374
Moillard Ch D'Eau Pnt Nr,351.7700000000001,18.716775165591173
Mojoshot Blue Lagoon RTD,316.8000000000006,97.0044191919192
Mollydooker Gigglepot Cab Sv,479.88,25.506376594148534
Mollydooker Violinist Verdel,467.78000000000003,21.12959083329771
Mommy's Time Out Delicious R,65.94,67.33393994540492
Mommy's Time Out Moscato,323.64000000000004,12.430478309232502
Momokawa Diamond Sake,179.88,35.49032688458972
Momokawa Silver Sake,899.0400000000002,7.87506673785373
MontGras RSV Cab Svgn,119.88,33.33333333333333
Montanya Platino Rum,725.6700000000002,83.03223228189123
Monte Degli Angeli,671.7200000000001,28.63693205502294
Montelvini CabMerlot,221.99,31.974413261858647
Montes Spring Harvest Svgn B,239.52,32.46492985971944
Montezuma Tequila Gold,934.83,26.2924809858477
Montezuma Triple Sec,78.11999999999999,38.86328725038402
Montsarra Brut Cava,734.5100000000002,18.114116894256053
Moonstone Plum Sake,461.68,36.15707849592792
Morande Edicion Limitada,284.81000000000006,79.35465749095889
Morgan Winery Garys Vyd Pnt,223.93,71.23654713526548
Motto Znfdl Unabashed,265.78000000000003,38.91188200767552
Mount Royal Light Canadian W,659.4,22.474977252047314
Mr Boston Amaretto Liqueur,277.92,27.979274611398967
Mr Boston Creme de Menthe-Wh,240.1300000000001,23.40815391662852
Mr Boston Melon Liqueur,273.4700000000001,6.571104691556689
Mr Boston Peppermint Schnaps,473.7700000000003,16.43413470671428
Mr Boston Triple Sec,80.91000000000001,26.523297491039443
Mulderbosch Faithful Hound,239.88,34.21710855427713
Murphy-Goode All In Claret,994.5300000000001,51.74806189858526
My Big Fat Greek Red Wine,287.76000000000005,67.72310258548792
Naked Ryan Patrick Vyd Chard,130.89,20.666208266483295
Nanbu Bijin Southern Beauty,535.6800000000001,76.74731182795699
Nantucket Vyd Chard,14.99,33.3555703802535
Napa River Chard Napa Cnty,167.76,34.19170243204577
Nardi Brunello di Montalcino,649.87,95.04824041731425
Nasiakos Agiorgitiko Rd,809.4600000000002,23.356311615150858
Nassua Royale Liqueur,701.64,25.03563080782167
Natale Verga Prosecco,146.85999999999999,42.47582731853465
Nativa Terra Cab Svgn Orgnic,119.88,35.43543543543543
Navarro Vyds Late Harvest Ge,911.52,34.228541337546076
Neirano Pitul Moscato d'Asti,515.57,28.490796594060956
Neirano Prosecco,547.7800000000001,20.873343313008885
Nero D'Avola Donnafugata Scl,191.88,35.08442776735459
Netzl Rosanna Rose,391.72,55.70305320126621
New Amsterdam Orange,503.58000000000004,16.0272449263275
New Amsterdam Orange Vodka,272.79,9.468822170900697
New Amsterdam Red Berry Vdka,63.96,81.20700437773608
Newman's Own Common Good Red,79.92,2.55255255255256
Newton Merlot Napa Unfilterd,221.94,34.19843200865099
Nexo Rioja,119.88,31.931931931931935
Nicolis Recioto Valpo Clsc,219.78000000000003,69.6969696969697
Niner Wine Est Red Paso Robl,203.88,32.90170688640376
Ninety Cellars Lot 105 Chard,415.68000000000006,13.991531947652058
Ninety Cellars Lot 92 Merlot,142.87,35.03184713375796
Ninety Cellars Lot 96 Chard,779.4,18.337182448036945
Ninety+Cellars Lot 112 Svgn,359.6400000000001,31.03103103103104
Ninety+Cellars Lot 33 Rose,681.3800000000002,56.60571193753854
Ninety+Cellars Lot 71 Malbec,494.67000000000013,87.95560676814847
Ninety+Cellars Lot 83 Pnt Nr,558.57,9.984424512594666
Ninety+Cellars Lot 90 Rosso,458.83000000000004,51.32837870235164
NinetyCellars Lot 122 Chard,681.3800000000002,8.779242126273171
Nortico Alvarinho,629.5500000000001,9.268525137002642
Nozzole La Forra Chianti Gra,480.87000000000006,68.38230706843845
Nozzole Le Bruniche Chardon,129.89999999999998,17.782909930715924
Nuvo Lemon Sorbet Liqueur,124.94999999999999,84.84993997599038
Nyers Vyds Sage Canyon Red,132.92999999999998,90.14518919732191
OR-G Liqueur,280.87,23.779684551571897
Oak Leaf Cab Svgn Cal,179.4,31.438127090301005
Oak Leaf Chard Cal,107.64000000000001,32.77591973244148
Oak Leaf Merlot Cal,358.8,33.44481605351171
Oak Leaf Moscato,35.88,35.11705685618729
Oak Leaf Pnt Grigio Cal,71.76,67.55852842809364
Oak Leaf Svgn Bl Cal,215.28,33.44481605351171
Oak Ridge OZV Znfdl Lodi,971.28,16.543118359278488
Oakhurst Happy Camper Chard,989.1,18.871701546860788
Oakhurst Happy Camper Merlot,659.4,56.96087352138307
Obsidian Ridge Cab Svgn,86.97,31.04518799586064
Occhio A Vento Vermentino,67.83,80.68701164676396
Octave Vino Verde White,89.89999999999999,20.04449388209121
Oko Cab Svgn VdP L'Herault,143.88,32.443703085904914
Old Forester Birthday 2016,269.96999999999997,20.002222469163232
Old Forester Bourbon,439.8000000000001,37.97180536607551
Old Smuggler,579.4200000000002,10.034172103137653
Old Thompson,74.94,25.940752602081663
Ole Smoky Charred Tennesse,987.4800000000002,75.28253736784542
Ole Smoky Strawberry Lightin,143.91,82.50295323466055
Olivier Chablis Savary,350.73,84.97989906765888
Olivier Leflaive Bourg Al 12,113.93999999999998,21.730735474811286
Once Upon A Vine Red,515.5700000000002,53.798708225847136
Opici Homemade Barberone Bia,191.92,31.971654856190074
Opici Marsala Cal,937.3299999999999,18.00326459197935
Oro de Oaxaca Mezcal,311.88000000000005,26.47171989226627
Our Daily Red Cab Svgn,579.4800000000002,74.5185338579416
Ozeki Nigori Unfiltered Sake,335.52,31.47353361945637
Ozeki Yamadanishiki Jun Sake,539.4600000000002,39.939939939939954
P & J Cold Soaked Berries,989.2900000000004,93.92695771715069
Pacific Rim Dry Rsl,773.4500000000004,32.46492985971948
Pacifico Sur Cab Svgn Rsv,269.73,11.244577911244592
Pacifico Sur Chard Curico,503.01000000000005,59.92127393093578
Pacifico Sur Rsv Malbec,9.99,31.031031031031038
Pali Riviera Pnt Nr Sonoma,866.4900000000001,15.79822040646748
Pali Summit Station R Pnt Nr,569.8100000000001,55.504466401081075
Pali Wine Co Chard Durell Vy,799.84,58.05411082216444
Pali Wine Co Pnt Nr Fiddlstx,419.93,70.84514085680946
Pallini Raspicello Liqueur,299.88,24.80992396958784
Pancho Villa Rojo,888.0599999999997,22.93313514852598
Parducci Sustainable Red,155.88,49.73056197074673
Parducci Sustainable White,89.88,34.57943925233645
Pascual Toso Cab Svgn Argn,293.7200000000001,95.07694402832631
Pastene Marsala,764.1500000000003,13.064188968134575
Paul D Gruner Veltliner,173.88,35.4727398205659
Paul Masson Ruby Burgundy Ca,668.76,41.37807285124709
Paydirt Red Paso Robles,831.6300000000001,46.625302117528236
Pazo de Galegos Albarino,230.89,93.89752696089046
Pellegrino Marsala Sweet,659.4500000000002,13.145803320949298
Penalolen Cab Svgn Maipo,221.88,31.043807463493778
Pendleton Canadian Whisky,593.73,27.11333434389369
Penfld Bin 407 Cab Svgn Ausl,629.91,92.38938896032768
Penfolds B28 Shiraz/Kalimna,890.7300000000001,97.78496289560248
Penfolds Koonunga Cab/Merlot,155.88,35.488837567359504
Penfolds Tawny Port Club,383.76,31.01938711694808
Penner-Ash Viognier,251.91,14.3027271644635
Pennywise Cab Svgn,540.5300000000001,11.309270530775368
Pepe Lopez Premium Gold,99.89999999999999,10.390390390390387
Pepperjack Barossa Red,191.92,0.02084201750729056
Pepperwood Grove Pnt Grigio,559.2500000000001,33.69691551184623
Peregrine Pnt Nr,485.81999999999994,77.01617883166605
Pertinace Barbera D'Alba,764.4900000000001,45.67227825086006
Peter Vella Moscato Sangria,119.92,33.755837224816545
Phantom Bay Svgn Bl,431.5200000000002,18.242491657397146
Philippe Herard Bl de Blanc,303.62000000000006,71.17449443383177
Phillips Union Cherry Whisky,137.94,21.879077859939102
Piero Broglia Gavi di Gavi,119.94,12.823078205769548
Pietro Rinaldi Argante Nebbi,623.76,35.05194305502116
Pietro Rinaldi Monpiano Barb,719.64,32.416208104052025
Pietro Rinaldi di Como Dolce,407.76,34.19658622719247
Pinecroft Cab Svgn Cal,197.39999999999998,32.52279635258358
Pinecroft Chard Cal,236.87999999999997,20.212765957446795
Pinecroft Pnt Grigio,125.02000000000002,12.98992161254201
Pinnacle Atomic Hots,12.99,24.788298691301005
Pinnacle Cake Vodka,85.40999999999998,82.648401826484
Pinnacle Cinnabon Vodka,155.88,40.415704387990765
Pinnacle Coconut,125.93999999999998,24.24964268699379
Pinnacle Coconut Vodka,77.94,42.956120092378754
Pinnacle Key Lime Whipped,389.7000000000001,71.42417244033872
Pinnacle Orange Whipped,104.39,79.79691541335376
Pinnacle Pumpkin Pie,233.82,55.692412967239754
Pinnacle Red Liquorice,826.4700000000003,76.73599767686669
Pinnacle Vodka Gift Pak,857.2400000000005,96.99384069805423
Pinot Evil VDP Beaute Pnt Nr,119.88,59.45945945945946
Pinotage Southern Right,614.5900000000001,32.3435135618868
Pio II Chianti 07,83.88,32.90414878397711
Pizzolato Fields Prosecco,167.88,31.52251608291637
Plymouth Navy Strength Gin,221.94,27.00729927007299
Poema Brut Cava Penedes,371.69000000000017,17.18905539562542
Pofyros-Spiropooulos,149.94,31.052420968387356
Poggio Amorelli Chianti Clsc,455.76,67.11427066877303
Pol Roger Rose 02 Brut,935.8799999999999,8.595119032354557
Ponte Vinho Verde,719.28,20.587253920587244
PopCrush Sparkling Wine,107.88,31.92436040044494
Porta Vita Bianco,827.3100000000002,49.402279677509036
Portal 40 Yr Old Tawny Port,189.99,34.21232696457709
Portillo Malbec,107.88,31.03448275862068
Pot de Vin Rouge Organic,179.88,31.95463642428285
Presswork Grenache Mclaren V,158.22,31.968145620022753
Prichard's Single Malt,34.99,23.663903972563592
Primo Amore Rsl,137.88,33.33333333333333
Pro.mis.Q.ous Red CA,461.58000000000004,39.65509770787297
Pro.mis.Q.ous White CA,191.89,73.4848090051592
Proemio Chard,325.62000000000006,78.07259996314723
Proemio Malbec,95.88,34.66833541927409
Promesses de France CdRhone,71.91,92.33764427756917
Proud Pour The Oyster Svgn B,699.65,33.316658329164575
Proximo Red Rioja,279.6000000000001,15.007153075822622
Purity Vodka,479.88,26.481620405101275
Quara Malbec,11.99,32.44370308590492
Quattro Mani Montepulciano,811.4200000000002,58.33970077148704
Querceto Vin Santo Chianti C,406.89000000000004,34.63098134630982
Quinta do Casal Monteiro,599.5,0.6772310258548889
Quinta dos Murcas Rsv Red Al,503.88,33.341271731364614
Quivira Znfdl Dry Creek Vly,137.88,35.0739773716275
Quota 31 Primitivo IGP,287.76,31.02585487906589
R Mondavi Malbec Private Slt,85.9,28.055878928987205
R Mondavi Pvt Sel Cab Svgn,867.4200000000005,31.05070208203641
R Mondavi Winery Cab Svgn Na,123.99,32.43003468021614
R Perrin Chtnf du Pape,221.94,34.19843200865099
R Stemmler Carneros Pnt Nr E,73.98,65.5177074885104
R Stuart Big Fire Rose,227.88,34.228541337546076
R Young Est Cab Svgn Alexndr,209.96,2.610020956372651
Ramon Bilbao Valinas Albarin,111.91999999999999,2.0014295925661014
Rampolla Sammarco Toscna IGT,989.82,92.54207835768119
Ranch 32 Chard,13.99,32.4517512508935
Rastignac Pineau des Charent,167.88,34.66761972837741
Ravines Cabernet Franc,409.7500000000001,75.95607077486272
Ravines Gewurztraminer,16.99,35.49146556798116
Rebel Newmans Own Cab Svgn,529.47,17.479743894838247
Rebel Newmans Own Chard,199.8,22.042042042042052
Red Diamond Shiraz Wash,527.4900000000001,58.54518569072401
Red Truck Znfdl Sonoma Cnty,71.94,31.943286071726433
Redtree Moscato,8.99,35.483870967741936
Regnard Macon Lugny Chard,131.94,31.51432469304229
Rentas De Fincas Rioja,899.2500000000001,55.296080066722276
Revelation Chard Pays D'Oc,81.48,34.609720176730484
Rex Goliath Cab Svgn Free Ra,314.7300000000001,13.869030597655158
Rex Goliath Chard Free Range,583.5400000000001,26.174726668266118
Rex Goliath Moscato,301.5400000000001,2.1025402931617796
Rex Goliath Pink Moscato,257.59000000000015,7.061609534531671
Rex Goliath Pnt Grigio Free,133.89999999999998,19.073935772964887
Rex Goliath Svgn Bl,366.68000000000006,13.750409076033614
Rhum Barbancourt 3 Star,246.33000000000007,48.45938375350142
Rib Shack Red,395.64,32.84804367606915
Riebeek Cellars Cab Svgn,674.35,42.61140357381182
Riebeek Cellars Chard,403.61,59.02975644805629
Right Gin,359.88,22.474158052684228
Right Hand Man Syrah,37.98,38.493944181147974
Rio Madre 2014 Rose Rioja,947.0700000000004,86.63879121923407
Riojana Cab Svgn,449.4000000000001,18.93190921228305
Riojana Chard,89.88,30.97463284379172
Riojana Malbec,179.76,33.778371161548726
Riondo Prosecco,575.64,33.771106941838646
Rittenhouse Rye Bonded Whsky,347.88,23.07692307692307
Riunite Bianco,227.76,17.808219178082194
Riunite Peach Moscato,59.94,31.931931931931935
Riunite Sweet White,161.73,97.4649106535584
Robert Sinskey Pnt Bl,874.6500000000002,94.3989024181101
Robert Sinskey Pnt Gris,574.77,29.97546844824886
Rocca di Montemassi Le Faca,90.87,31.473533619456372
Rock Hills Farm Bourbon,649.87,30.07216827980981
Ron Barcelo Imperial Rum,173.94,20.627802690582957
Ron Zacapa XO Rum,659.94,23.66578779889082
Roncolato Pnt Grigio Veneto,428.58,31.009379812403747
Roncolato Valpo Super S Barb,173.88,33.33333333333333
Rose 'N' Blum Pink Moscato,89.70000000000002,32.77591973244148
Rosenblum Znfdl Paso Robles,215.88,33.79655364091162
Rosita Tequila Liqueur,65.61,25.925925925925934
Rosso del Popolo Lange Rosso,359.76,33.3555703802535
Rothman & Winter Apricot,65.97,25.92087312414734
Rothman & Winter Pear Liquer,21.99,21.282401091405184
Royal Thistle Scotch,203.88,73.74926427310183
Rozes White RSV Porto,892.5300000000002,49.621861450035304
Ruca Malen Petit Verdot,227.87999999999997,31.964191679831483
Ruca Malen Yauquen Bonarda,231.70999999999998,69.31077640153639
Ryan Patrick Ryan's Rsl,933.2000000000002,19.348478354050584
S Aviron Cd Brouilly 12 Viel,949.5000000000003,83.22801474460243
S S Pierce 99 Vodka 80 Proof,264.18,51.657960481489894
S S Pierce Manhattan,263.76,42.74340309372156
S S Pierce Ninety Nine Bl W,67.41,73.7427681352915
S S Pierce Ninety Nine Gin,67.41,8.129357662067937
S S Pierce Ninety Nine Rum,149.8,33.04405874499332
Saint M Pflaz,287.76,28.690575479566306
Salers Apertif Gentiane,21.99,35.06139154160982
Salmon & Trout Bordeaux Blnc,89.8,66.92650334075724
Salmon Creek Merlot Calif,149.70000000000002,33.26653306613227
Salmon Creek Pnt Nr Cal,578.7100000000005,20.747870263171606
Salmon Creek Wh Znfdl Cal,224.55,8.082832331329328
Salted Caramel Martini Wine,199.29000000000005,23.769381303627902
Samos High Peaks Muscat,160.86,65.53524804177546
San Callisto Montepulcno 09,527.76,34.65211459754434
San Guido Sassicaia Guildal,699.72,78.13411078717202
Sanford La Riconda Pnt Nr,759.8000000000001,70.77783627270335
Santa Barbara Winery Chard,265.85,6.654128267820209
Santa Ema Reserve Merlot,563.53,32.86071726438699
Santa Marta Pnt Grigio,95.88,34.16770963704631
Santa Rita Organic Svgn Bl,9.99,66.46646646646647
Sassy Bitch Pnt Noir,143.88,31.526271893244374
Sauvignon Republic Svgn Bl,96.69,27.272727272727277
Sauza Sparkling Margarita,167.76000000000005,96.793037672866
Sauza Sprklg Wild Berry Marg,27.96,82.15307582260371
Sbragia Home Ranch Merlot,549.7500000000001,66.44474761255115
Scagliola Dolcesvago Moscato,104.78999999999999,68.22215860292012
Scala Dei Negre Priorat,787.5800000000002,71.48353183168695
Schlink Haus Auslese,359.7300000000001,16.137102827120355
Schlink Haus Kabinett,659.4,22.58416742493176
Schlink Haus Spatlese,137.88,31.070496083550907
Scoresby Scotch,11.99,28.607172643869887
Scorpion Anejo Mexcal,359.91999999999996,44.43765281173594
Scorpion Silver,209.94,22.492140611603315
Sea Hagg Poitin White Whisky,98.88999999999999,44.50399433714227
Sea Pearl Svgn Bl,818.3700000000001,22.26499016337355
Sea Ridge Chard Cal,77.94,31.947652040030793
Seagrams 7 PET,599.4000000000001,20.020020020020034
Seagrams Twisted Lime Gin,203.88,20.0117716303708
Sebastiani Merlot Sonoma,19.99,31.965982991495746
Secoli 14 Pnt Grigio Venezia,189.81,60.59217111848692
Seghesio Arneis RRV,197.82000000000002,77.16105550500455
Seifried Nelson Svgn Blanc,287.82000000000005,8.025849489264129
Sensi Tuscano Bianco,269.64,33.377837116154865
Serbal Chardonnay,389.70000000000005,39.168591224018485
Sette Ponti Crognolo Toscan,139.93,71.61437861788038
Seven Deadly Zins Lodi Znfdl,299.8,22.82188125416945
Shafer Hillside Cab Svgn 06,779.98,66.66709402805199
Shannon Ridge 09 Cab Svgn,575.6400000000001,58.0571190327288
Shannon Ridge Chard HE Lake,335.79,59.81416957026714
Shooting Star Chard Lake Cny,344.77,28.938132668155582
Shooting Star Znfdl Lake Cty,794.4700000000003,8.758039951162456
Sierra Cantabria 14 Rose Rio,181.86,40.87759815242495
Sileni Nano Pnt Nr,75.80999999999999,14.523149980213681
Silo Whiskey,354.42,71.68613509395632
Silver Mtn Hard Cider,342.5100000000002,77.46635134740593
Silver Palm 12 Chard No Cst,913.3700000000001,38.66779070913211
Silver Root Marley Rum,764.4900000000002,81.66882496827952
Silverado GEO Cab Svg,437.94,35.059597205096594
Simi Cab Svgn Alexander Vly,367.98,34.20838089026578
Simple Life Chard,911.28,40.900711087700806
Simply Naked Cab Svgn,895.1300000000005,80.09227709941574
Simply Naked Undressed Red,523.3800000000001,34.73193473193474
Six Hats Chenin Blanc,143.88,33.778148457047536
Skinnygirl Chard,152.84,8.924365349384987
Skinnygirl Cucumber Vodka,779.4800000000001,98.564427567096
Skyy Infusions Georgia Peach,215.81999999999996,86.84088592345472
Smashberry Red,477.6,72.16499162479062
Smirnoff Cinn Sugar Twist,233.82000000000002,2.6943802925327223
Smirnoff Coconut,402.6900000000001,9.260224986962706
Smirnoff Fluffed Marshmallow,554.6300000000001,61.39227953770984
Smirnoff Light Strawberry,5.9399999999999995,50.16835016835016
Smirnoff Lime Vodka,416.08000000000004,68.15996923668524
Smirnoff Mango Vodka,467.64000000000016,23.094688221709035
Smirnoff Pineapple,159.39000000000001,6.895037329819943
Smirnoff Pomegrante,782.46,33.86243386243387
Smirnoff Pomegrante Vodka,155.88,25.943033102386448
Smirnoff Root Beer Float,536.5600000000002,43.86461905471897
Smirnoff Sours Watermelon,145.52999999999997,56.95732838589981
Smirnoff Wh Peach Sorbet,346.50000000000034,75.6883116883117
Smith & Sons Cab Svgn,137.94,31.491953023053497
Sobieski Orange Vodka,729.2700000000001,13.628697190341038
Sobieski Vanilla Vodka,669.3300000000003,0.47360793629451414
Solar de Randez Crianza,17.99,34.63035019455252
Sonoma-Cutrer Pierres Chard,479.88,34.208552138034506
Southern Right Svgn Bl,611.4900000000001,43.81428968584933
Spiced Root Marley Rum,299.8,49.28619079386258
Spring 44 Gin,531.8100000000001,69.92911002049604
Spring 44 Honey Vodka,391.86000000000007,88.92461593426223
Spring 44 Vodka,979.6500000000001,82.27938549481958
Spring Vly Uriah Walla Walla,380.89000000000004,60.79970595184962
Spud Potato Vodka,721.1100000000001,55.91518630999431
St Clement Carneros Chard,539.73,30.68756600522483
St Elizabeth Allspice Dram,179.94,50.62798710681338
St Francis Red Sonoma,547.5000000000001,12.241095890410973
St Francis White Splash,71.88000000000001,32.88814691151921
St George Calif Citrus Vodka,24.99,25.930372148859533
St George Green Chile Vodka,824.6700000000001,18.243661100803962
St George Spiced Pear Liquer,985.6600000000002,4.8962116754256355
St Julien Rose CDR,174.5,35.08309455587392
St Mayhem Red Coffee & Peppe,367.8399999999999,32.448890822096544
St Mayhem Wh Peach & Ginger,643.7200000000001,32.88386254893433
Staglin Family Vyd Est Chard,636.87,80.14665473330507
Staglin Salus Rthfd Chard,287.91,92.33788336632975
Stark Raving Cab Svgn,527.5600000000002,53.92182879672455
Steele 09 Bien Nacido Pnt Nr,342.86,90.66091115907368
Steele Out Kaste Lke Cty Red,791.6400000000001,82.07518569046537
Steele Pacini Mendocno Znfdl,373.78000000000003,22.957354593611214
Steele Stymie Merlot Lake Cy,580.8100000000001,52.80039944215837
Stella Moscato,139.9,35.09649749821301
Stellar Organics Cab Svgn,350.73,10.495252758532205
Stellar Organics Merlot,233.82000000000002,28.166966042254742
Stellar Organics Shiraz,155.88,31.023864511162436
Steph Avrn Chn Vielles Vig,999.5000000000003,97.27863931965982
Sterling Rsv Platinum Red,781.83,47.34660987682745
Sterling Vntrs Cltn Chard,629.16,35.51401869158879
Stival Pnt Grigio Veneto,287.64,34.167709637046315
Stones Currant Ginger Flavor,516.5300000000001,33.649546008944306
Stradanova Barolo,195.96,0.6736068585425706
Stump Jump Shiraz,311.7400000000001,40.41188169628539
Sule Susumaniello IGP,20.99,31.967603620771794
Summers Calistoga Cab Svgn N,199.92000000000002,32.41296518607443
Summers Est Cab S Andriana C,243.85,33.51650604880049
Sutter Home Malbec Arg,71.88,32.05342237061768
Sutter Home Moscato,640.9300000000003,27.829872216934813
Sutter Home Muscato,419.30000000000007,20.46744574290485
Sutter Home Pnt Grigio,143.04,33.557046979865774
Sutter Home Red Blend,181.75,2.3380102089716135
Sutter Home Red Moscato,349.6500000000001,20.00000000000001
Sutter Home Sweet Red,876.9700000000003,20.886993392045692
Sutter Home White Merlot Cal,383.36,29.930091819699484
Sutter Home Znfdl,431.28,32.38731218697829
Svedka Colada Vodka,923.7,46.880543551704406
Svedka Grape Vodka,545.5800000000002,64.37369405036843
TJ Lot #45 Zinfandel Tilting,167.88,33.30950679056469
Taittinger Brut Francaise,382.99,31.97211415441656
Taittinger Brut Millesime,419.94,35.06215173596228
Tamellini Soave DOC,179.88,33.3555703802535
Tangle Ridge Canadian Whisky,237.85999999999999,26.872950475069363
Tanteo Tropical Tequila,199.95,69.92248062015504
Tasca D'Almerita Lamuri Nero,459.64000000000004,51.88408319554434
Tavernello Pinot Grigio IGT,71.94,31.02585487906589
Tavernello Pnt Grigio,143.76,44.07345575959932
Taylor Lake Country Wh,63.92,34.167709637046315
Taylor New York Marsala,575.2800000000001,28.274926992073436
Telmo Rodriguez Gaba do XII,107.88,34.59399332591768
Temptation Znfdl,441.71999999999997,53.87123064384678
Tempus Fugit Gran Classico,39.99,24.231057764441115
Tempus Fugit de Violettes,32.99,21.885419824189153
Ten High Bourbon,816.0800000000003,40.70556808156066
Tentaka Kuni Hawk Heavens J,467.64,55.86348473184501
Tenuta Santo Pietro Imago 11,329.25,45.62186788154898
Tenuta Sette Cieli Yantra,725.6700000000001,73.91651852770543
Tenuta di Biserno Il Pino,779.87,68.1716183466475
Tenuta la Favola Bianco,419.76,34.19096626643796
Terra D'Oro Znfdl,143.88,32.443703085904914
Terra Mia Lacryma Christi Wh,778.8700000000001,32.62161849859413
Terra de Touros Red,487.3900000000001,22.88721557684813
Terra de Touros White,953.3200000000004,84.20572315696724
Terrazas Alto Cab Svgn Argn,190.78000000000003,28.797567879232634
Terrazas Alto Chard Mendoza,278.21,12.397110096689556
Terrilogio Primitivo,189.76000000000002,42.95952782462058
Terruzzi & Puthod Vernaccia,4.99,32.46492985971944
Thatchers Organic Coffee Hou,99.89999999999999,21.221221221221214
Thatchers Organic Cucumber,539.4600000000003,24.824824824824855
Thatchers Organic Pomegranat,269.73,27.527527527527536
The Beach House Red,503.52,28.693994280266917
The Chocolate Block Red,779.74,36.74173442429528
The Club Mudslide,83.58000000000001,91.32567599904283
The Club Strawbry Margarita,143.28,98.97403685092128
The Crusher 12 Sugar Beet Rd,167.88,31.52251608291637
The Culprit Red,399.8000000000001,12.34117058529268
The Curator Red,359.64,31.03103103103102
The Curator White,119.88,32.93293293293292
The Divining Rod Chard,239.83,9.635992161114128
The First Lady Cab Svgn,779.4,31.947652040030793
The Glenlivet Oloroso Nadu,794.9,85.25852308466474
The Great American Wine Chrd,131.89,39.76798847524452
The Immortal Zin,503.58,35.02919099249374
The Insider Cab Svgn,953.4700000000001,11.195947434109106
The Irishman Irish Whiskey,587.2500000000001,72.09195402298852
The Loop Svgn Bl,167.88,33.30950679056469
The Messenger Telegram White,208.89,69.0746325817416
The Offering Rhone,97.96,34.21804818293181
The Pass Svgn Bl,431.52,35.483870967741936
The Path Merlot,287.76000000000005,45.87155963302754
The Pessimist Cab Svgn,90.86999999999999,36.34862991086166
The Royal Chenin Blanc,203.82999999999998,64.54398273070694
The Usual Suspect Cab Svgn,349.6500000000001,27.79064779064781
Three Olives Cake Vodka,239.84,41.82788525683789
Three Olives Dude Vodka,914.3900000000003,81.67302792025286
Three Olives Elvis Presley,119.92,43.162108072048035
Three Olives Jacked Apple,670.3900000000003,97.64017959695103
Three Olives Tomato Vodka,314.79,65.24667238476445
Three Olives Whipped Cream,483.5600000000001,89.34155016957564
Three Saints Steak House Red,167.88,32.45175125089349
Three Thieves Bandit Merlot,95.88,31.038798498122645
Three Thieves Bnd Pnt Grigio,567.2900000000002,30.097481006187333
Three Wishes Cab Svgn,223.71999999999994,21.56266762023957
Three Wishes Merlot,246.74999999999994,17.458966565349517
Three Wishes Pnt Grigio Colm,194.10999999999996,21.36417495234658
Tiamo Chianti,481.63,60.59007952162448
Tiamo Pnt Grigio,635.52,36.25377643504532
Tiamo Prosecco,804.57,10.585778738953735
Tierra de Antes Malbec Mndza,130.21,42.86153137239843
Tierruca Svgn Bl Rsva,191.76,25.531914893617014
Tijuana White Tequilla,8.99,28.58731924360401
Tiki Sound Svgn Bl,326.71000000000004,67.75121667533898
Tin Barn Znfdl RRV Gilsson,263.88,32.42382901318781
Tineta Tinto Fino Ribera Del,489.65000000000003,8.538752169917299
Tippy Cow Choclate Rum Cream,479.76000000000005,46.4232116058029
Tippy Cow Vanilla Soft Serve,239.88,40.970485242621315
Tisdale Cab Svgn Cal,574.5600000000002,32.33082706766921
Tisdale Chard Cal,690.2700000000001,28.288930418531887
Tisdale Shiraz Cal,522.6899999999999,25.34006772656832
Tisdale Vyds Pnt Nr,494.7600000000003,31.42129517341745
Tisdale Vyds Sweet Red,191.51999999999998,19.486215538847116
Toasted Head BB Oaked Svgn B,642.4700000000003,82.34314442697713
Tomada de Castro Albarino,215.88,33.35186214563646
Tommasi Poggio Tufo Cab Svgn,269.72999999999996,74.78960441923405
Tommaso Bussola Amarone Clsc,899.8499999999999,61.04350725120854
Tons de Durum Douro Red,733.4000000000003,77.91109899100083
Torii Mor Pnt Nr Deux Verres,594.83,43.98399542726494
Tormaresca Neprica Puglia,709.3900000000001,38.00307306277226
Tormaresca Primitivo,491.63,39.88161829017757
Torna Sorrento Limoncello,265.81,87.85598735939205
Tortoise Creek Cab Svgn,819.3600000000001,20.13766842413592
Tortoise Creek Chard,696.4300000000002,15.1214048791695
Tortoise Creek Znfdl,143.88,31.526271893244374
Toucas Vinho Verde DOC,878.1200000000003,35.389240650480595
Tozai Nigori Voice Mist Sake,131.94,31.969076853115048
Tozai Snow Maiden Junmai Ngr,449.57,33.5555657233873
Tozai Typhoon Sake,79.95,21.575984990619137
Tracia Syrah,44.940000000000005,88.49577214063196
Trackers Crossing Moscato,146.79,21.193541794400154
Trader Joe's Chard 720 Btls,45.48,32.45382585751979
Trader Joe's Pet Rsv Merlot,89.88,35.11348464619493
Trader Joe's Petit Rsv Znfdl,93.48,31.06546854942234
Trapiche Malbec,646.9200000000001,34.22370617696161
Travis Hasse's Apple Pie Liq,271.83000000000004,48.08520030901667
Treana White Table Central,215.88,31.962201222901616
Trefethen Merlot Napa,479.88,33.78344586146537
Trentadue Merlot Alex Vly,208.89000000000001,27.73229929628034
Triibe Celtic,318.83,68.42204309506633
Trim Cabernet Sauvignon,727.4400000000002,29.973606070603783
Trinity Oaks Merlot Cal,958.8,31.914893617021278
Triple Eight Vodka,63.98,24.257580493904342
Trivento Birds & Bees Sw Red,244.44,31.075110456553762
Trivento Golden RSV Malbec,93.48,34.65982028241336
Truchard Vyds The Shepard Rd,917.5700000000002,14.012009982889603
True Myth Chard Keg,310.99,34.21010321875302
Tullia Prosecco,491.6700000000001,19.78359468749366
Turning Leaf Pnt Nr RSV VDP,549.5000000000001,18.87170154686081
Tussock Jumper Chard,9.99,31.931931931931935
Tussock Jumper Malbec,59.88,34.669338677354716
Tutunjian Cab Svgn,185.88,34.667527437056165
Twenty 2 Coffee Vodka,299.88,26.490596238495396
Twisted Cab Svgn Cal,970.92,71.85761957730811
Twisted Chard Cal,458.49000000000024,8.944578943924665
Two Vines Vineyard 10 Red,978.6500000000002,31.001890359168254
Ty Ku Cucumber Sake,359.70000000000005,34.19516263552961
Valckenberg Madonna Spatlese,155.88,32.409545804464976
Valckenberg Rsl,194.85,47.03618167821401
Valdivieso Brut,220.83,78.60345061812254
Valentin Bianchi Elsa Malbec,995.1700000000002,24.37071053186893
Valley of the Moon Blend 41,659.6700000000002,6.134885624630517
Valmaggiore Nebbiolo d'Alba,986.79,61.90070835740127
Vampire Transylvania Merlot,227.15,96.24036979969183
Van Gogh Chocolate Liqueur,206.76999999999998,5.614934468249739
Van Ruiten Family Cab Svgn,346.17,88.2658809255568
Velvet Crush Cab Svgn,163.88000000000002,1.1471808640468781
Vendange Chard 192/2Pk  Plt,191.88,18.261413383364598
Vendange Shiraz,175.56000000000003,12.33766233766235
Vendange Sweet Pink Moscato,195.72000000000006,12.446351931330504
Vendange Sweet Red,104.85,21.545064377682394
Vendange Sweet White,395.0100000000003,91.64578111946533
Venta Morales Organic Tempra,246.21,19.873278908249045
Verde Sole Chard,923.1600000000003,55.803977642012235
Verde Sole Pnt Grigio,536.5100000000001,36.120482376842936
Verite La Muse Red Sonoma,849.98,34.210216710981435
Very Old Barton,467.64,24.78829869130099
Veuve du Vernay Sparkling Ro,191.52,1.503759398496238
Viberti Chard,308.23,64.84443435097167
Vietti Nebbiolo Perbacco DOC,724.7100000000002,67.816091954023
Vieux Clocher Chateauneuf Du,944.7300000000001,69.76914038931758
Vieux Clocher Cote du Rhone,419.7000000000001,61.83940910173934
Vieux Clocher Rose CDR,223.82000000000002,45.71530694307926
Vigna Magana Dignus,359.82000000000005,96.24534489466956
Vigne A Porrona Rosso,272.7900000000001,96.82539682539681
Villa Cornaro Pinot Grigio,671.16,33.79224030037547
Villa Fassini Sangio/Cab,89.88,35.51401869158878
Villa Maria Clr Slct Svgn Bl,831.48,5.787270890460385
Villa Mount Eden Gran Rs Pnt,449.64,31.54523618895117
Villa Olmi Cabernet Svgn,107.88,31.03448275862068
Vin Vault Cab Svgn,352.82000000000005,64.79791395045633
Vin Vault Pnt Nr,314.70000000000005,73.84175405147761
Vin Vault Red,73.42999999999999,40.92332833991556
Vincent Van Gogh Espresso V,167.94,23.079671311182558
Vincent Van Gogh Raspberry,419.85,6.9667738478028
Vinedo de Los Vientos Estiv,319.8,18.34896810506567
Vino Dious Chard 13,662.4900000000002,7.862760192606701
Vino Dious Welch Rsl 13,899.2500000000003,15.590770086182943
Vino.e Falanghina Beneventno,558.57,63.35284744973772
Vinum Cellars Chard,358.04999999999995,31.529116045245072
Vinum Cellars Pnt Nr,433.7,3.629236799631071
Vinum Cellars Znfdl Cal,275.31,42.69732301768915
Vinyes Domenech Furvus,692.7900000000001,67.82574806218335
Virginie Taunt Svgn Blanc,541.63,37.58839059874822
Virtu St Supery White Blend,879.5600000000002,78.35281277002139
Vista Point Cab Svgn,209.4,20.5730659025788
Vista Point Chard,310.61,20.02833134799267
Vista Point Merlot,125.64000000000001,7.927411652340025
Vista Point Pnt Grigio/Col,251.28,24.11652340019102
Vistamar Svgn Bl,477.51,39.66199660740089
Viu Manent Cab Svgn La Capil,167.87999999999997,65.51107934238742
Viu Manent Estate Rsv Malbec,615.72,28.040343013057896
Viu Manent Rsva Cab Svgn,575.28,39.54943679599499
Viu Manent Rsva Svgn Blanc,95.88,39.54943679599499
Viu Manet Rsva Chard,215.23000000000002,14.695906704455695
Viu Manet Rsva Merlot,287.64,31.53942428035043
Volcanes Summit Series Cab S,143.88,29.190992493744787
Volker Eisele Family Est Cab,949.8100000000001,58.98969267537718
Voss Svgn Blanc Napa Vly,14.99,32.88859239492995
Wairau River Svgn Bl,415.74,40.424303651320535
Walnut Crest Malbec,59.94,41.94194194194195
Walt La Brisa Pnt Nr,935.7600000000001,74.49345986150296
Weller Antique -Hanover Chop,275.88,20.00869943453675
Wellington Cab Svgn Sonoma,521.71,25.414502309712294
West Cork 10Yr S Malt Irish,758.7700000000001,2.2720982642961793
West Indies Blue Mtn Coffee,593.82,91.3879626822943
Whalers Vanille Rum,149.88,23.698959167333868
White Elephant Vinum Cellars,971.4600000000002,23.51306281267371
White Knight Viognier,142.89000000000001,39.701868570228854
White Oak Merlot Napa,599.76,34.65386154461784
Wicked Silky Shiraz,118.44,31.914893617021274
Wild Horse Pnt Nr CC,395.6400000000001,13.982408249924196
Wild Oats Chard Cntrl Ranges,527.56,0.6444764576541014
Wild Shot Reposado Mezcal,599.88,8.141628325665138
Wild Turkey 81 Rye,215.90999999999997,21.884118382659445
Wild Turkey Honey VAP,677.6500000000002,88.77296539511546
Willamette Vly Tualatin Est,914.7900000000001,24.627510138938998
WindRacer RRV Pnt Nr,755.82,10.518377391442407
Wine Cube Chard,135.92,9.52030606238964
Wisdom & Warter Cream Sherry,79.84000000000002,41.83366733466936
Wolf Blass Yellow Lbl Chard,647.2800000000002,87.28216536892843
Wolf Blass Ylw Lb Shiraz/Cab,194.85000000000002,78.49627918911983
Wolfgang Puck Chard,641.5400000000001,13.395891136951718
Woodford Rsv MC Classic Malt,789.9200000000001,73.08841401660928
Woodford Rsv Master Coll Pnt,489.95,73.76058781508317
Woodford Rsv Mt Washington,551.88,26.462274407479892
Woodwork Cab Svgn,143.88,33.36113427856547
Wyborowa Vodka,579.74,29.675371718356498
Xicaru Silver Mezcal,119.96,28.576192064021335
Xinomavro Naoussa Young Vine,191.88,35.08442776735459
Yangarra Est Vyd 10 Shiraz,550.8000000000001,41.83006535947714
Yellow Tail Cab/Merlot Ausl,939.0000000000002,76.33865814696486
Yellow Tail Moscato Bubbles,259.80000000000007,50.98152424942265
Yellow Tail Sangria Bubbles,668.6600000000001,51.32952472108398
Yellow Tail Shiraz/Grenache,878.5999999999997,54.54586842704301
Yosemite Road Cab Svgn,460.6800000000001,33.81088825214903
Yosemite Road Moscato,460.68000000000006,30.94555873925501
Yosemite Road Pnt Grigio,530.4800000000001,21.957472477755992
Yosemite Road Red,52.35000000000001,47.736389684813766
Yukon Jack Wicked Hot,175.89000000000001,20.927852635169707
Z Alexander Brown Uncage Red,179.88,34.2228152101401
Z Znfdl Tom Eddy,917.82,58.71194787648996
ZIPZ Pnt Grigio,10.74,35.754189944134076
Zacharias Ambelos Phos Red,739.26,14.03295187078971
Zacharias Ambelos Phos White,689.3100000000001,28.97245071158115
Zacharias Cab Svgn,287.76,32.86071726438699
Zacharias Merlot,659.45,13.855485631966033
Zardetto Pros di Coneg Brut,345.86000000000007,88.75845717920546
Zenato Lugana Brut,699.7700000000001,77.74125784186234
Zerran Tinto Montsant,139.91,77.59273818883568
Zhenka Vodka 80 Proof,240.39,87.30396439119762
Zoe Red by D Skouras,299.75000000000006,2.7189324437030966
Zolo Malbec Rsv,713.6300000000001,21.16923335622103
Zonin Moscato,383.64,48.952142633719106
Zorah Red,417.81000000000006,67.55941695986215
Zwack Liqueur,227.88,16.653501843075297
